PassengerId,Survived,Socio-economic Status,Name,Sex,Age,Siblings/Spouses ,Parents/Children,Ticket Number, Fare ,Embarked,
1,no,upper,"Braund, Mr. Owen Harris",male,22,1,0,A/5 21171, € 7.25 ,Southampton,
2,yes,lower,"Cumings, Mrs. John Bradley (Florence Briggs Thayer)",female,22,1,0,PC 17599, € 71.28 ,Cherbourg,
3,yes,upper,"Heikkinen, Miss. Laina",female,22,0,0,STON/O2. 3101282, € 7.93 ,Southampton,
4,yes,lower,"Futrelle, Mrs. Jacques Heath (Lily May Peel)",female,22,1,0,113803, € 53.10 ,Southampton,
5,no,upper,"Allen, Mr. William Henry",male,22,0,0,373450, € 8.05 ,Southampton,
6,no,upper,"Moran, Mr. James",male,30,0,0,330877, € 8.46 ,Queenstown,
7,no,lower,"McCarthy, Mr. Timothy J",male,54,0,0,17463, € 51.86 ,Southampton,
8,no,upper,"Palsson, Master. Gosta Leonard",male,2,3,1,349909, € 21.08 ,Southampton,
9,yes,upper,"Johnson, Mrs. Oscar W (Elisabeth Vilhelmina Berg)",female,27,0,2,347742, € 11.13 ,Southampton,
10,yes,middle,"Nasser, Mrs. Nicholas (Adele Achem)",female,14,1,0,237736, € 30.07 ,Cherbourg,
11,yes,upper,"Sandstrom, Miss. Marguerite Rut",female,4,1,1,PP 9549, € 16.70 ,Southampton,
12,yes,lower,"Bonnell, Miss. Elizabeth",female,58,0,0,113783, € 26.55 ,Southampton,
13,no,upper,"Saundercock, Mr. William Henry",male,20,0,0,A/5. 2151, € 8.05 ,Southampton,
14,no,upper,"Andersson, Mr. Anders Johan",male,39,1,5,347082, € 31.28 ,Southampton,
15,no,upper,"Vestrom, Miss. Hulda Amanda Adolfina",female,14,0,0,350406, € 7.85 ,Southampton,
16,yes,middle,"Hewlett, Mrs. (Mary D Kingcome) ",female,55,0,0,248706, € 16.00 ,Southampton,
17,no,upper,"Rice, Master. Eugene",male,2,4,1,382652, € 29.13 ,Queenstown,
18,yes,middle,"Williams, Mr. Charles Eugene",male,30,0,0,244373, € 13.00 ,Southampton,
19,no,upper,"Vander Planke, Mrs. Julius (Emelia Maria Vandemoortele)",female,31,1,0,345763, € 18.00 ,Southampton,
20,yes,upper,"Masselmani, Mrs. Fatima",female,30,0,0,2649, € 7.23 ,Cherbourg,
21,no,middle,"Fynney, Mr. Joseph J",male,35,0,0,239865, € 26.00 ,Southampton,
22,yes,middle,"Beesley, Mr. Lawrence",male,34,0,0,248698, € 13.00 ,Southampton,
23,yes,upper,"McGowan, Miss. Anna ""Annie""",female,15,0,0,330923, € 8.03 ,Queenstown,
24,yes,lower,"Sloper, Mr. William Thompson",male,28,0,0,113788, € 35.50 ,Southampton,
25,no,upper,"Palsson, Miss. Torborg Danira",female,8,3,1,349909, € 21.08 ,Southampton,
26,yes,upper,"Asplund, Mrs. Carl Oscar (Selma Augusta Emilia Johansson)",female,38,1,5,347077, € 31.39 ,Southampton,
27,no,upper,"Emir, Mr. Farred Chehab",male,30,0,0,2631, € 7.23 ,Cherbourg,
28,no,lower,"Fortune, Mr. Charles Alexander",male,19,3,2,19950, € 263.00 ,Southampton,
29,yes,upper,"O'Dwyer, Miss. Ellen ""Nellie""",female,30,0,0,330959, € 7.88 ,Queenstown,
30,no,upper,"Todoroff, Mr. Lalio",male,30,0,0,349216, € 7.90 ,Southampton,
31,no,lower,"Uruchurtu, Don. Manuel E",male,40,0,0,PC 17601, € 27.72 ,Cherbourg,
32,yes,lower,"Spencer, Mrs. William Augustus (Marie Eugenie)",female,30,1,0,PC 17569, € 146.52 ,Cherbourg,
33,yes,upper,"Glynn, Miss. Mary Agatha",female,30,0,0,335677, € 7.75 ,Queenstown,
34,no,middle,"Wheadon, Mr. Edward H",male,66,0,0,C.A. 24579, € 10.50 ,Southampton,
35,no,lower,"Meyer, Mr. Edgar Joseph",male,28,1,0,PC 17604, € 82.17 ,Cherbourg,
36,no,lower,"Holverson, Mr. Alexander Oskar",male,42,1,0,113789, € 52.00 ,Southampton,
37,yes,upper,"Mamee, Mr. Hanna",male,30,0,0,2677, € 7.23 ,Cherbourg,
38,no,upper,"Cann, Mr. Ernest Charles",male,21,0,0,A./5. 2152, € 8.05 ,Southampton,
39,no,upper,"Vander Planke, Miss. Augusta Maria",female,18,2,0,345764, € 18.00 ,Southampton,
40,yes,upper,"Nicola-Yarred, Miss. Jamila",female,14,1,0,2651, € 11.24 ,Cherbourg,
41,no,upper,"Ahlin, Mrs. Johan (Johanna Persdotter Larsson)",female,40,1,0,7546, € 9.48 ,Southampton,
42,no,middle,"Turpin, Mrs. William John Robert (Dorothy Ann Wonnacott)",female,27,1,0,11668, € 21.00 ,Southampton,
43,no,upper,"Kraeff, Mr. Theodor",male,30,0,0,349253, € 7.90 ,Cherbourg,
44,yes,middle,"Laroche, Miss. Simonne Marie Anne Andree",female,3,1,2,SC/Paris 2123, € 41.58 ,Cherbourg,
45,yes,upper,"Devaney, Miss. Margaret Delia",female,19,0,0,330958, € 7.88 ,Queenstown,
46,no,upper,"Rogers, Mr. William John",male,30,0,0,S.C./A.4. 23567, € 8.05 ,Southampton,
47,no,upper,"Lennon, Mr. Denis",male,30,1,0,370371, € 15.50 ,Queenstown,
48,yes,upper,"O'Driscoll, Miss. Bridget",female,30,0,0,14311, € 7.75 ,Queenstown,
49,no,upper,"Samaan, Mr. Youssef",male,30,2,0,2662, € 21.68 ,Cherbourg,
50,no,upper,"Arnold-Franchi, Mrs. Josef (Josefine Franchi)",female,18,1,0,349237, € 17.80 ,Southampton,
51,no,upper,"Panula, Master. Juha Niilo",male,7,4,1,3101295, € 39.69 ,Southampton,
52,no,upper,"Nosworthy, Mr. Richard Cater",male,21,0,0,A/4. 39886, € 7.80 ,Southampton,
53,yes,lower,"Harper, Mrs. Henry Sleeper (Myna Haxtun)",female,49,1,0,PC 17572, € 76.73 ,Cherbourg,
54,yes,middle,"Faunthorpe, Mrs. Lizzie (Elizabeth Anne Wilkinson)",female,29,1,0,2926, € 26.00 ,Southampton,
55,no,lower,"Ostby, Mr. Engelhart Cornelius",male,65,0,1,113509, € 61.98 ,Cherbourg,
56,yes,lower,"Woolner, Mr. Hugh",male,30,0,0,19947, € 35.50 ,Southampton,
57,yes,middle,"Rugg, Miss. Emily",female,21,0,0,C.A. 31026, € 10.50 ,Southampton,
58,no,upper,"Novel, Mr. Mansouer",male,29,0,0,2697, € 7.23 ,Cherbourg,
59,yes,middle,"West, Miss. Constance Mirium",female,5,1,2,C.A. 34651, € 27.75 ,Southampton,
60,no,upper,"Goodwin, Master. William Frederick",male,11,5,2,CA 2144, € 46.90 ,Southampton,
61,no,upper,"Sirayanian, Mr. Orsen",male,22,0,0,2669, € 7.23 ,Cherbourg,
62,yes,lower,"Icard, Miss. Amelie",female,38,0,0,113572, € 80.00 ,Southampton,
63,no,lower,"Harris, Mr. Henry Birkhardt",male,45,1,0,36973, € 83.48 ,Southampton,
64,no,upper,"Skoog, Master. Harald",male,4,3,2,347088, € 27.90 ,Southampton,
65,no,lower,"Stewart, Mr. Albert A",male,30,0,0,PC 17605, € 27.72 ,Cherbourg,
66,yes,upper,"Moubarek, Master. Gerios",male,30,1,1,2661, € 15.25 ,Cherbourg,
67,yes,middle,"Nye, Mrs. (Elizabeth Ramell)",female,29,0,0,C.A. 29395, € 10.50 ,Southampton,
68,no,upper,"Crease, Mr. Ernest James",male,19,0,0,S.P. 3464, € 8.16 ,Southampton,
69,yes,upper,"Andersson, Miss. Erna Alexandra",female,17,4,2,3101281, € 7.93 ,Southampton,
70,no,upper,"Kink, Mr. Vincenz",male,26,2,0,315151, € 8.66 ,Southampton,
71,no,middle,"Jenkin, Mr. Stephen Curnow",male,32,0,0,C.A. 33111, € 10.50 ,Southampton,
72,no,upper,"Goodwin, Miss. Lillian Amy",female,16,5,2,CA 2144, € 46.90 ,Southampton,
73,no,middle,"Hood, Mr. Ambrose Jr",male,21,0,0,S.O.C. 14879, € 73.50 ,Southampton,
74,no,upper,"Chronopoulos, Mr. Apostolos",male,26,1,0,2680, € 14.45 ,Cherbourg,
75,yes,upper,"Bing, Mr. Lee",male,32,0,0,1601, € 56.50 ,Southampton,
76,no,upper,"Moen, Mr. Sigurd Hansen",male,25,0,0,348123, € 7.65 ,Southampton,
77,no,upper,"Staneff, Mr. Ivan",male,30,0,0,349208, € 7.90 ,Southampton,
78,no,upper,"Moutal, Mr. Rahamin Haim",male,30,0,0,374746, € 8.05 ,Southampton,
79,yes,middle,"Caldwell, Master. Alden Gates",male,1,0,2,248738, € 29.00 ,Southampton,
80,yes,upper,"Dowdell, Miss. Elizabeth",female,30,0,0,364516, € 12.48 ,Southampton,
81,no,upper,"Waelens, Mr. Achille",male,22,0,0,345767, € 9.00 ,Southampton,
82,yes,upper,"Sheerlinck, Mr. Jan Baptist",male,29,0,0,345779, € 9.50 ,Southampton,
83,yes,upper,"McDermott, Miss. Brigdet Delia",female,30,0,0,330932, € 7.79 ,Queenstown,
84,no,lower,"Carrau, Mr. Francisco M",male,28,0,0,113059, € 47.10 ,Southampton,
85,yes,middle,"Ilett, Miss. Bertha",female,17,0,0,SO/C 14885, € 10.50 ,Southampton,
86,yes,upper,"Backstrom, Mrs. Karl Alfred (Maria Mathilda Gustafsson)",female,33,3,0,3101278, € 15.85 ,Southampton,
87,no,upper,"Ford, Mr. William Neal",male,16,1,3,W./C. 6608, € 34.38 ,Southampton,
88,no,upper,"Slocovski, Mr. Selman Francis",male,30,0,0,SOTON/OQ 392086, € 8.05 ,Southampton,
89,yes,lower,"Fortune, Miss. Mabel Helen",female,23,3,2,19950, € 263.00 ,Southampton,
90,no,upper,"Celotti, Mr. Francesco",male,24,0,0,343275, € 8.05 ,Southampton,
91,no,upper,"Christmann, Mr. Emil",male,29,0,0,343276, € 8.05 ,Southampton,
92,no,upper,"Andreasson, Mr. Paul Edvin",male,20,0,0,347466, € 7.85 ,Southampton,
93,no,lower,"Chaffee, Mr. Herbert Fuller",male,46,1,0,W.E.P. 5734, € 61.18 ,Southampton,
94,no,upper,"Dean, Mr. Bertram Frank",male,26,1,2,C.A. 2315, € 20.58 ,Southampton,
95,no,upper,"Coxon, Mr. Daniel",male,59,0,0,364500, € 7.25 ,Southampton,
96,no,upper,"Shorney, Mr. Charles Joseph",male,30,0,0,374910, € 8.05 ,Southampton,
97,no,lower,"Goldschmidt, Mr. George B",male,71,0,0,PC 17754, € 34.65 ,Cherbourg,
98,yes,lower,"Greenfield, Mr. William Bertram",male,23,0,1,PC 17759, € 63.36 ,Cherbourg,
99,yes,middle,"Doling, Mrs. John T (Ada Julia Bone)",female,34,0,1,231919, € 23.00 ,Southampton,
100,no,middle,"Kantor, Mr. Sinai",male,34,1,0,244367, € 26.00 ,Southampton,
101,no,upper,"Petranec, Miss. Matilda",female,28,0,0,349245, € 7.90 ,Southampton,
102,no,upper,"Petroff, Mr. Pastcho (""Pentcho"")",male,30,0,0,349215, € 7.90 ,Southampton,
103,no,lower,"White, Mr. Richard Frasar",male,21,0,1,35281, € 77.29 ,Southampton,
104,no,upper,"Johansson, Mr. Gustaf Joel",male,33,0,0,7540, € 8.65 ,Southampton,
105,no,upper,"Gustafsson, Mr. Anders Vilhelm",male,37,2,0,3101276, € 7.93 ,Southampton,
106,no,upper,"Mionoff, Mr. Stoytcho",male,28,0,0,349207, € 7.90 ,Southampton,
107,yes,upper,"Salkjelsvik, Miss. Anna Kristine",female,21,0,0,343120, € 7.65 ,Southampton,
108,yes,upper,"Moss, Mr. Albert Johan",male,30,0,0,312991, € 7.78 ,Southampton,
109,no,upper,"Rekic, Mr. Tido",male,38,0,0,349249, € 7.90 ,Southampton,
110,yes,upper,"Moran, Miss. Bertha",female,30,1,0,371110, € 24.15 ,Queenstown,
111,no,lower,"Porter, Mr. Walter Chamberlain",male,47,0,0,110465, € 52.00 ,Southampton,
112,no,upper,"Zabour, Miss. Hileni",female,15,1,0,2665, € 14.45 ,Cherbourg,
113,no,upper,"Barton, Mr. David John",male,22,0,0,324669, € 8.05 ,Southampton,
114,no,upper,"Jussila, Miss. Katriina",female,20,1,0,4136, € 9.83 ,Southampton,
115,no,upper,"Attalah, Miss. Malake",female,17,0,0,2627, € 14.46 ,Cherbourg,
116,no,upper,"Pekoniemi, Mr. Edvard",male,21,0,0,STON/O 2. 3101294, € 7.93 ,Southampton,
117,no,upper,"Connors, Mr. Patrick",male,71,0,0,370369, € 7.75 ,Queenstown,
118,no,middle,"Turpin, Mr. William John Robert",male,29,1,0,11668, € 21.00 ,Southampton,
119,no,lower,"Baxter, Mr. Quigg Edmond",male,24,0,1,PC 17558, € 247.52 ,Cherbourg,
120,no,upper,"Andersson, Miss. Ellis Anna Maria",female,2,4,2,347082, € 31.28 ,Southampton,
121,no,middle,"Hickman, Mr. Stanley George",male,21,2,0,S.O.C. 14879, € 73.50 ,Southampton,
122,no,upper,"Moore, Mr. Leonard Charles",male,30,0,0,A4. 54510, € 8.05 ,Southampton,
123,no,middle,"Nasser, Mr. Nicholas",male,33,1,0,237736, € 30.07 ,Cherbourg,
124,yes,middle,"Webber, Miss. Susan",female,33,0,0,27267, € 13.00 ,Southampton,
125,no,lower,"White, Mr. Percival Wayland",male,54,0,1,35281, € 77.29 ,Southampton,
126,yes,upper,"Nicola-Yarred, Master. Elias",male,12,1,0,2651, € 11.24 ,Cherbourg,
127,no,upper,"McMahon, Mr. Martin",male,30,0,0,370372, € 7.75 ,Queenstown,
128,yes,upper,"Madsen, Mr. Fridtjof Arne",male,24,0,0,C 17369, € 7.14 ,Southampton,
129,yes,upper,"Peter, Miss. Anna",female,30,1,1,2668, € 22.36 ,Cherbourg,
130,no,upper,"Ekstrom, Mr. Johan",male,45,0,0,347061, € 6.98 ,Southampton,
131,no,upper,"Drazenoic, Mr. Jozef",male,33,0,0,349241, € 7.90 ,Cherbourg,
132,no,upper,"Coelho, Mr. Domingos Fernandeo",male,20,0,0,SOTON/O.Q. 3101307, € 7.05 ,Southampton,
133,no,upper,"Robins, Mrs. Alexander A (Grace Charity Laury)",female,47,1,0,A/5. 3337, € 14.50 ,Southampton,
134,yes,middle,"Weisz, Mrs. Leopold (Mathilde Francoise Pede)",female,29,1,0,228414, € 26.00 ,Southampton,
135,no,middle,"Sobey, Mr. Samuel James Hayden",male,25,0,0,C.A. 29178, € 13.00 ,Southampton,
136,no,middle,"Richard, Mr. Emile",male,23,0,0,SC/PARIS 2133, € 15.05 ,Cherbourg,
137,yes,lower,"Newsom, Miss. Helen Monypeny",female,19,0,2,11752, € 26.28 ,Southampton,
138,no,lower,"Futrelle, Mr. Jacques Heath",male,37,1,0,113803, € 53.10 ,Southampton,
139,no,upper,"Osen, Mr. Olaf Elon",male,16,0,0,7534, € 9.22 ,Southampton,
140,no,lower,"Giglio, Mr. Victor",male,24,0,0,PC 17593, € 79.20 ,Cherbourg,
141,no,upper,"Boulos, Mrs. Joseph (Sultana)",female,30,0,2,2678, € 15.25 ,Cherbourg,
142,yes,upper,"Nysten, Miss. Anna Sofia",female,22,0,0,347081, € 7.75 ,Southampton,
143,yes,upper,"Hakkarainen, Mrs. Pekka Pietari (Elin Matilda Dolck)",female,24,1,0,STON/O2. 3101279, € 15.85 ,Southampton,
144,no,upper,"Burke, Mr. Jeremiah",male,19,0,0,365222, € 6.75 ,Queenstown,
145,no,middle,"Andrew, Mr. Edgardo Samuel",male,18,0,0,231945, € 11.50 ,Southampton,
146,no,middle,"Nicholls, Mr. Joseph Charles",male,19,1,1,C.A. 33112, € 36.75 ,Southampton,
147,yes,upper,"Andersson, Mr. August Edvard (""Wennerstrom"")",male,27,0,0,350043, € 7.80 ,Southampton,
148,no,upper,"Ford, Miss. Robina Maggie ""Ruby""",female,9,2,2,W./C. 6608, € 34.38 ,Southampton,
149,no,middle,"Navratil, Mr. Michel (""Louis M Hoffman"")",male,37,0,2,230080, € 26.00 ,Southampton,
150,no,middle,"Byles, Rev. Thomas Roussel Davids",male,42,0,0,244310, € 13.00 ,Southampton,
151,no,middle,"Bateman, Rev. Robert James",male,51,0,0,S.O.P. 1166, € 12.53 ,Southampton,
152,yes,lower,"Pears, Mrs. Thomas (Edith Wearne)",female,22,1,0,113776, € 66.60 ,Southampton,
153,no,upper,"Meo, Mr. Alfonzo",male,56,0,0,A.5. 11206, € 8.05 ,Southampton,
154,no,upper,"van Billiard, Mr. Austin Blyler",male,41,0,2,A/5. 851, € 14.50 ,Southampton,
155,no,upper,"Olsen, Mr. Ole Martin",male,30,0,0,Fa 265302, € 7.31 ,Southampton,
156,no,lower,"Williams, Mr. Charles Duane",male,51,0,1,PC 17597, € 61.38 ,Cherbourg,
157,yes,upper,"Gilnagh, Miss. Katherine ""Katie""",female,16,0,0,35851, € 7.73 ,Queenstown,
158,no,upper,"Corn, Mr. Harry",male,30,0,0,SOTON/OQ 392090, € 8.05 ,Southampton,
159,no,upper,"Smiljanic, Mr. Mile",male,30,0,0,315037, € 8.66 ,Southampton,
160,no,upper,"Sage, Master. Thomas Henry",male,30,8,2,CA. 2343, € 69.55 ,Southampton,
161,no,upper,"Cribb, Mr. John Hatfield",male,44,0,1,371362, € 16.10 ,Southampton,
162,yes,middle,"Watt, Mrs. James (Elizabeth ""Bessie"" Inglis Milne)",female,40,0,0,C.A. 33595, € 15.75 ,Southampton,
163,no,upper,"Bengtsson, Mr. John Viktor",male,26,0,0,347068, € 7.78 ,Southampton,
164,no,upper,"Calic, Mr. Jovo",male,17,0,0,315093, € 8.66 ,Southampton,
165,no,upper,"Panula, Master. Eino Viljami",male,1,4,1,3101295, € 39.69 ,Southampton,
166,yes,upper,"Goldsmith, Master. Frank John William ""Frankie""",male,9,0,2,363291, € 20.53 ,Southampton,
167,yes,lower,"Chibnall, Mrs. (Edith Martha Bowerman)",female,30,0,1,113505, € 55.00 ,Southampton,
168,no,upper,"Skoog, Mrs. William (Anna Bernhardina Karlsson)",female,45,1,4,347088, € 27.90 ,Southampton,
169,no,lower,"Baumann, Mr. John D",male,30,0,0,PC 17318, € 25.93 ,Southampton,
170,no,upper,"Ling, Mr. Lee",male,28,0,0,1601, € 56.50 ,Southampton,
171,no,lower,"Van der hoef, Mr. Wyckoff",male,61,0,0,111240, € 33.50 ,Southampton,
172,no,upper,"Rice, Master. Arthur",male,4,4,1,382652, € 29.13 ,Queenstown,
173,yes,upper,"Johnson, Miss. Eleanor Ileen",female,1,1,1,347742, € 11.13 ,Southampton,
174,no,upper,"Sivola, Mr. Antti Wilhelm",male,21,0,0,STON/O 2. 3101280, € 7.93 ,Southampton,
175,no,lower,"Smith, Mr. James Clinch",male,56,0,0,17764, € 30.70 ,Cherbourg,
176,no,upper,"Klasen, Mr. Klas Albin",male,18,1,1,350404, € 7.85 ,Southampton,
177,no,upper,"Lefebre, Master. Henry Forbes",male,30,3,1,4133, € 25.47 ,Southampton,
178,no,lower,"Isham, Miss. Ann Elizabeth",female,50,0,0,PC 17595, € 28.71 ,Cherbourg,
179,no,middle,"Hale, Mr. Reginald",male,30,0,0,250653, € 13.00 ,Southampton,
180,no,upper,"Leonard, Mr. Lionel",male,36,0,0,LINE, € -   ,Southampton,
181,no,upper,"Sage, Miss. Constance Gladys",female,30,8,2,CA. 2343, € 69.55 ,Southampton,
182,no,middle,"Pernot, Mr. Rene",male,30,0,0,SC/PARIS 2131, € 15.05 ,Cherbourg,
183,no,upper,"Asplund, Master. Clarence Gustaf Hugo",male,9,4,2,347077, € 31.39 ,Southampton,
184,yes,middle,"Becker, Master. Richard F",male,1,2,1,230136, € 39.00 ,Southampton,
185,yes,upper,"Kink-Heilmann, Miss. Luise Gretchen",female,4,0,2,315153, € 22.03 ,Southampton,
186,no,lower,"Rood, Mr. Hugh Roscoe",male,30,0,0,113767, € 50.00 ,Southampton,
187,yes,upper,"O'Brien, Mrs. Thomas (Johanna ""Hannah"" Godfrey)",female,30,1,0,370365, € 15.50 ,Queenstown,
188,yes,lower,"Romaine, Mr. Charles Hallace (""Mr C Rolmane"")",male,45,0,0,111428, € 26.55 ,Southampton,
189,no,upper,"Bourke, Mr. John",male,40,1,1,364849, € 15.50 ,Queenstown,
190,no,upper,"Turcin, Mr. Stjepan",male,36,0,0,349247, € 7.90 ,Southampton,
191,yes,middle,"Pinsky, Mrs. (Rosa)",female,32,0,0,234604, € 13.00 ,Southampton,
192,no,middle,"Carbines, Mr. William",male,19,0,0,28424, € 13.00 ,Southampton,
193,yes,upper,"Andersen-Jensen, Miss. Carla Christine Nielsine",female,19,1,0,350046, € 7.85 ,Southampton,
194,yes,middle,"Navratil, Master. Michel M",male,3,1,1,230080, € 26.00 ,Southampton,
195,yes,lower,"Brown, Mrs. James Joseph (Margaret Tobin)",female,44,0,0,PC 17610, € 27.72 ,Cherbourg,
196,yes,lower,"Lurette, Miss. Elise",female,58,0,0,PC 17569, € 146.52 ,Cherbourg,
197,no,upper,"Mernagh, Mr. Robert",male,30,0,0,368703, € 7.75 ,Queenstown,
198,no,upper,"Olsen, Mr. Karl Siegwart Andreas",male,42,0,1,4579, € 8.40 ,Southampton,
199,yes,upper,"Madigan, Miss. Margaret ""Maggie""",female,30,0,0,370370, € 7.75 ,Queenstown,
200,no,middle,"Yrois, Miss. Henriette (""Mrs Harbeck"")",female,24,0,0,248747, € 13.00 ,Southampton,
201,no,upper,"Vande Walle, Mr. Nestor Cyriel",male,28,0,0,345770, € 9.50 ,Southampton,
202,no,upper,"Sage, Mr. Frederick",male,30,8,2,CA. 2343, € 69.55 ,Southampton,
203,no,upper,"Johanson, Mr. Jakob Alfred",male,34,0,0,3101264, € 6.50 ,Southampton,
204,no,upper,"Youseff, Mr. Gerious",male,46,0,0,2628, € 7.23 ,Cherbourg,
205,yes,upper,"Cohen, Mr. Gurshon ""Gus""",male,18,0,0,A/5 3540, € 8.05 ,Southampton,
206,no,upper,"Strom, Miss. Telma Matilda",female,2,0,1,347054, € 10.46 ,Southampton,
207,no,upper,"Backstrom, Mr. Karl Alfred",male,32,1,0,3101278, € 15.85 ,Southampton,
208,yes,upper,"Albimona, Mr. Nassef Cassem",male,26,0,0,2699, € 18.79 ,Cherbourg,
209,yes,upper,"Carr, Miss. Helen ""Ellen""",female,16,0,0,367231, € 7.75 ,Queenstown,
210,yes,lower,"Blank, Mr. Henry",male,40,0,0,112277, € 31.00 ,Cherbourg,
211,no,upper,"Ali, Mr. Ahmed",male,24,0,0,SOTON/O.Q. 3101311, € 7.05 ,Southampton,
212,yes,middle,"Cameron, Miss. Clear Annie",female,35,0,0,F.C.C. 13528, € 21.00 ,Southampton,
213,no,upper,"Perkin, Mr. John Henry",male,22,0,0,A/5 21174, € 7.25 ,Southampton,
214,no,middle,"Givard, Mr. Hans Kristensen",male,30,0,0,250646, € 13.00 ,Southampton,
215,no,upper,"Kiernan, Mr. Philip",male,30,1,0,367229, € 7.75 ,Queenstown,
216,yes,lower,"Newell, Miss. Madeleine",female,31,1,0,35273, € 113.28 ,Cherbourg,
217,yes,upper,"Honkanen, Miss. Eliina",female,27,0,0,STON/O2. 3101283, € 7.93 ,Southampton,
218,no,middle,"Jacobsohn, Mr. Sidney Samuel",male,42,1,0,243847, € 27.00 ,Southampton,
219,yes,lower,"Bazzani, Miss. Albina",female,32,0,0,11813, € 76.29 ,Cherbourg,
220,no,middle,"Harris, Mr. Walter",male,30,0,0,W/C 14208, € 10.50 ,Southampton,
221,yes,upper,"Sunderland, Mr. Victor Francis",male,16,0,0,SOTON/OQ 392089, € 8.05 ,Southampton,
222,no,middle,"Bracken, Mr. James H",male,27,0,0,220367, € 13.00 ,Southampton,
223,no,upper,"Green, Mr. George Henry",male,51,0,0,21440, € 8.05 ,Southampton,
224,no,upper,"Nenkoff, Mr. Christo",male,30,0,0,349234, € 7.90 ,Southampton,
225,yes,lower,"Hoyt, Mr. Frederick Maxfield",male,38,1,0,19943, € 90.00 ,Southampton,
226,no,upper,"Berglund, Mr. Karl Ivar Sven",male,22,0,0,PP 4348, € 9.35 ,Southampton,
227,yes,middle,"Mellors, Mr. William John",male,19,0,0,SW/PP 751, € 10.50 ,Southampton,
228,no,upper,"Lovell, Mr. John Hall (""Henry"")",male,21,0,0,A/5 21173, € 7.25 ,Southampton,
229,no,middle,"Fahlstrom, Mr. Arne Jonas",male,18,0,0,236171, € 13.00 ,Southampton,
230,no,upper,"Lefebre, Miss. Mathilde",female,30,3,1,4133, € 25.47 ,Southampton,
231,yes,lower,"Harris, Mrs. Henry Birkhardt (Irene Wallach)",female,35,1,0,36973, € 83.48 ,Southampton,
232,no,upper,"Larsson, Mr. Bengt Edvin",male,29,0,0,347067, € 7.78 ,Southampton,
233,no,middle,"Sjostedt, Mr. Ernst Adolf",male,59,0,0,237442, € 13.50 ,Southampton,
234,yes,upper,"Asplund, Miss. Lillian Gertrud",female,5,4,2,347077, € 31.39 ,Southampton,
235,no,middle,"Leyson, Mr. Robert William Norman",male,24,0,0,C.A. 29566, € 10.50 ,Southampton,
236,no,upper,"Harknett, Miss. Alice Phoebe",female,30,0,0,W./C. 6609, € 7.55 ,Southampton,
237,no,middle,"Hold, Mr. Stephen",male,44,1,0,26707, € 26.00 ,Southampton,
238,yes,middle,"Collyer, Miss. Marjorie ""Lottie""",female,8,0,2,C.A. 31921, € 26.25 ,Southampton,
239,no,middle,"Pengelly, Mr. Frederick William",male,19,0,0,28665, € 10.50 ,Southampton,
240,no,middle,"Hunt, Mr. George Henry",male,33,0,0,SCO/W 1585, € 12.28 ,Southampton,
241,no,upper,"Zabour, Miss. Thamine",female,30,1,0,2665, € 14.45 ,Cherbourg,
242,yes,upper,"Murphy, Miss. Katherine ""Kate""",female,30,1,0,367230, € 15.50 ,Queenstown,
243,no,middle,"Coleridge, Mr. Reginald Charles",male,29,0,0,W./C. 14263, € 10.50 ,Southampton,
244,no,upper,"Maenpaa, Mr. Matti Alexanteri",male,22,0,0,STON/O 2. 3101275, € 7.13 ,Southampton,
245,no,upper,"Attalah, Mr. Sleiman",male,30,0,0,2694, € 7.23 ,Cherbourg,
246,no,lower,"Minahan, Dr. William Edward",male,44,2,0,19928, € 90.00 ,Queenstown,
247,no,upper,"Lindahl, Miss. Agda Thorilda Viktoria",female,25,0,0,347071, € 7.78 ,Southampton,
248,yes,middle,"Hamalainen, Mrs. William (Anna)",female,24,0,2,250649, € 14.50 ,Southampton,
249,yes,lower,"Beckwith, Mr. Richard Leonard",male,37,1,1,11751, € 52.55 ,Southampton,
250,no,middle,"Carter, Rev. Ernest Courtenay",male,54,1,0,244252, € 26.00 ,Southampton,
251,no,upper,"Reed, Mr. James George",male,30,0,0,362316, € 7.25 ,Southampton,
252,no,upper,"Strom, Mrs. Wilhelm (Elna Matilda Persson)",female,29,1,1,347054, € 10.46 ,Southampton,
253,no,lower,"Stead, Mr. William Thomas",male,62,0,0,113514, € 26.55 ,Southampton,
254,no,upper,"Lobb, Mr. William Arthur",male,30,1,0,A/5. 3336, € 16.10 ,Southampton,
255,no,upper,"Rosblom, Mrs. Viktor (Helena Wilhelmina)",female,41,0,2,370129, € 20.21 ,Southampton,
256,yes,upper,"Touma, Mrs. Darwis (Hanne Youssef Razi)",female,29,0,2,2650, € 15.25 ,Cherbourg,
257,yes,lower,"Thorne, Mrs. Gertrude Maybelle",female,30,0,0,PC 17585, € 79.20 ,Cherbourg,
258,yes,lower,"Cherry, Miss. Gladys",female,30,0,0,110152, € 86.50 ,Southampton,
259,yes,lower,"Ward, Miss. Anna",female,35,0,0,PC 17755, € 512.33 ,Cherbourg,
260,yes,middle,"Parrish, Mrs. (Lutie Davis)",female,50,0,1,230433, € 26.00 ,Southampton,
261,no,upper,"Smith, Mr. Thomas",male,30,0,0,384461, € 7.75 ,Queenstown,
262,yes,upper,"Asplund, Master. Edvin Rojj Felix",male,3,4,2,347077, € 31.39 ,Southampton,
263,no,lower,"Taussig, Mr. Emil",male,52,1,1,110413, € 79.65 ,Southampton,
264,no,lower,"Harrison, Mr. William",male,40,0,0,112059, € -   ,Southampton,
265,no,upper,"Henry, Miss. Delia",female,30,0,0,382649, € 7.75 ,Queenstown,
266,no,middle,"Reeves, Mr. David",male,36,0,0,C.A. 17248, € 10.50 ,Southampton,
267,no,upper,"Panula, Mr. Ernesti Arvid",male,16,4,1,3101295, € 39.69 ,Southampton,
268,yes,upper,"Persson, Mr. Ernst Ulrik",male,25,1,0,347083, € 7.78 ,Southampton,
269,yes,lower,"Graham, Mrs. William Thompson (Edith Junkins)",female,58,0,1,PC 17582, € 153.46 ,Southampton,
270,yes,lower,"Bissette, Miss. Amelia",female,35,0,0,PC 17760, € 135.63 ,Southampton,
271,no,lower,"Cairns, Mr. Alexander",male,30,0,0,113798, € 31.00 ,Southampton,
272,yes,upper,"Tornquist, Mr. William Henry",male,25,0,0,LINE, € -   ,Southampton,
273,yes,middle,"Mellinger, Mrs. (Elizabeth Anne Maidment)",female,41,0,1,250644, € 19.50 ,Southampton,
274,no,lower,"Natsch, Mr. Charles H",male,37,0,1,PC 17596, € 29.70 ,Cherbourg,
275,yes,upper,"Healy, Miss. Hanora ""Nora""",female,30,0,0,370375, € 7.75 ,Queenstown,
276,yes,lower,"Andrews, Miss. Kornelia Theodosia",female,63,1,0,13502, € 77.96 ,Southampton,
277,no,upper,"Lindblom, Miss. Augusta Charlotta",female,45,0,0,347073, € 7.75 ,Southampton,
278,no,middle,"Parkes, Mr. Francis ""Frank""",male,30,0,0,239853, € -   ,Southampton,
279,no,upper,"Rice, Master. Eric",male,7,4,1,382652, € 29.13 ,Queenstown,
280,yes,upper,"Abbott, Mrs. Stanton (Rosa Hunt)",female,35,1,1,C.A. 2673, € 20.25 ,Southampton,
281,no,upper,"Duane, Mr. Frank",male,65,0,0,336439, € 7.75 ,Queenstown,
282,no,upper,"Olsson, Mr. Nils Johan Goransson",male,28,0,0,347464, € 7.85 ,Southampton,
283,no,upper,"de Pelsmaeker, Mr. Alfons",male,16,0,0,345778, € 9.50 ,Southampton,
284,yes,upper,"Dorking, Mr. Edward Arthur",male,19,0,0,A/5. 10482, € 8.05 ,Southampton,
285,no,lower,"Smith, Mr. Richard William",male,30,0,0,113056, € 26.00 ,Southampton,
286,no,upper,"Stankovic, Mr. Ivan",male,33,0,0,349239, € 8.66 ,Cherbourg,
287,yes,upper,"de Mulder, Mr. Theodore",male,30,0,0,345774, € 9.50 ,Southampton,
288,no,upper,"Naidenoff, Mr. Penko",male,22,0,0,349206, € 7.90 ,Southampton,
289,yes,middle,"Hosono, Mr. Masabumi",male,42,0,0,237798, € 13.00 ,Southampton,
290,yes,upper,"Connolly, Miss. Kate",female,22,0,0,370373, € 7.75 ,Queenstown,
291,yes,lower,"Barber, Miss. Ellen ""Nellie""",female,26,0,0,19877, € 78.85 ,Southampton,
292,yes,lower,"Bishop, Mrs. Dickinson H (Helen Walton)",female,19,1,0,11967, € 91.08 ,Cherbourg,
293,no,middle,"Levy, Mr. Rene Jacques",male,36,0,0,SC/Paris 2163, € 12.88 ,Cherbourg,
294,no,upper,"Haas, Miss. Aloisia",female,24,0,0,349236, € 8.85 ,Southampton,
295,no,upper,"Mineff, Mr. Ivan",male,24,0,0,349233, € 7.90 ,Southampton,
296,no,lower,"Lewy, Mr. Ervin G",male,30,0,0,PC 17612, € 27.72 ,Cherbourg,
297,no,upper,"Hanna, Mr. Mansour",male,24,0,0,2693, € 7.23 ,Cherbourg,
298,no,lower,"Allison, Miss. Helen Loraine",female,2,1,2,113781, € 151.55 ,Southampton,
299,yes,lower,"Saalfeld, Mr. Adolphe",male,30,0,0,19988, € 30.50 ,Southampton,
300,yes,lower,"Baxter, Mrs. James (Helene DeLaudeniere Chaput)",female,50,0,1,PC 17558, € 247.52 ,Cherbourg,
301,yes,upper,"Kelly, Miss. Anna Katherine ""Annie Kate""",female,30,0,0,9234, € 7.75 ,Queenstown,
302,yes,upper,"McCoy, Mr. Bernard",male,30,2,0,367226, € 23.25 ,Queenstown,
303,no,upper,"Johnson, Mr. William Cahoone Jr",male,19,0,0,LINE, € -   ,Southampton,
304,yes,middle,"Keane, Miss. Nora A",female,30,0,0,226593, € 12.35 ,Queenstown,
305,no,upper,"Williams, Mr. Howard Hugh ""Harry""",male,30,0,0,A/5 2466, € 8.05 ,Southampton,
306,yes,lower,"Allison, Master. Hudson Trevor",male,1,1,2,113781, € 151.55 ,Southampton,
307,yes,lower,"Fleming, Miss. Margaret",female,30,0,0,17421, € 110.88 ,Cherbourg,
308,yes,lower,"Penasco y Castellana, Mrs. Victor de Satode (Maria Josefa Perez de Soto y Vallejo)",female,17,1,0,PC 17758, € 108.90 ,Cherbourg,
309,no,middle,"Abelson, Mr. Samuel",male,30,1,0,P/PP 3381, € 24.00 ,Cherbourg,
310,yes,lower,"Francatelli, Miss. Laura Mabel",female,30,0,0,PC 17485, € 56.93 ,Cherbourg,
311,yes,lower,"Hays, Miss. Margaret Bechstein",female,24,0,0,11767, € 83.16 ,Cherbourg,
312,yes,lower,"Ryerson, Miss. Emily Borie",female,18,2,2,PC 17608, € 262.38 ,Cherbourg,
313,no,middle,"Lahtinen, Mrs. William (Anna Sylfven)",female,26,1,1,250651, € 26.00 ,Southampton,
314,no,upper,"Hendekovic, Mr. Ignjac",male,28,0,0,349243, € 7.90 ,Southampton,
315,no,middle,"Hart, Mr. Benjamin",male,43,1,1,F.C.C. 13529, € 26.25 ,Southampton,
316,yes,upper,"Nilsson, Miss. Helmina Josefina",female,26,0,0,347470, € 7.85 ,Southampton,
317,yes,middle,"Kantor, Mrs. Sinai (Miriam Sternin)",female,24,1,0,244367, € 26.00 ,Southampton,
318,no,middle,"Moraweck, Dr. Ernest",male,54,0,0,29011, € 14.00 ,Southampton,
319,yes,lower,"Wick, Miss. Mary Natalie",female,31,0,2,36928, € 164.87 ,Southampton,
320,yes,lower,"Spedden, Mrs. Frederic Oakley (Margaretta Corning Stone)",female,40,1,1,16966, € 134.50 ,Cherbourg,
321,no,upper,"Dennis, Mr. Samuel",male,22,0,0,A/5 21172, € 7.25 ,Southampton,
322,no,upper,"Danoff, Mr. Yoto",male,27,0,0,349219, € 7.90 ,Southampton,
323,yes,middle,"Slayter, Miss. Hilda Mary",female,30,0,0,234818, € 12.35 ,Queenstown,
324,yes,middle,"Caldwell, Mrs. Albert Francis (Sylvia Mae Harbaugh)",female,22,1,1,248738, € 29.00 ,Southampton,
325,no,upper,"Sage, Mr. George John Jr",male,30,8,2,CA. 2343, € 69.55 ,Southampton,
326,yes,lower,"Young, Miss. Marie Grice",female,36,0,0,PC 17760, € 135.63 ,Cherbourg,
327,no,upper,"Nysveen, Mr. Johan Hansen",male,61,0,0,345364, € 6.24 ,Southampton,
328,yes,middle,"Ball, Mrs. (Ada E Hall)",female,36,0,0,28551, € 13.00 ,Southampton,
329,yes,upper,"Goldsmith, Mrs. Frank John (Emily Alice Brown)",female,31,1,1,363291, € 20.53 ,Southampton,
330,yes,lower,"Hippach, Miss. Jean Gertrude",female,16,0,1,111361, € 57.98 ,Cherbourg,
331,yes,upper,"McCoy, Miss. Agnes",female,30,2,0,367226, € 23.25 ,Queenstown,
332,no,lower,"Partner, Mr. Austen",male,46,0,0,113043, € 28.50 ,Southampton,
333,no,lower,"Graham, Mr. George Edward",male,38,0,1,PC 17582, € 153.46 ,Southampton,
334,no,upper,"Vander Planke, Mr. Leo Edmondus",male,16,2,0,345764, € 18.00 ,Southampton,
335,yes,lower,"Frauenthal, Mrs. Henry William (Clara Heinsheimer)",female,30,1,0,PC 17611, € 133.65 ,Southampton,
336,no,upper,"Denkoff, Mr. Mitto",male,30,0,0,349225, € 7.90 ,Southampton,
337,no,lower,"Pears, Mr. Thomas Clinton",male,29,1,0,113776, € 66.60 ,Southampton,
338,yes,lower,"Burns, Miss. Elizabeth Margaret",female,41,0,0,16966, € 134.50 ,Cherbourg,
339,yes,upper,"Dahl, Mr. Karl Edwart",male,45,0,0,7598, € 8.05 ,Southampton,
340,no,lower,"Blackwell, Mr. Stephen Weart",male,45,0,0,113784, € 35.50 ,Southampton,
341,yes,middle,"Navratil, Master. Edmond Roger",male,2,1,1,230080, € 26.00 ,Southampton,
342,yes,lower,"Fortune, Miss. Alice Elizabeth",female,24,3,2,19950, € 263.00 ,Southampton,
343,no,middle,"Collander, Mr. Erik Gustaf",male,28,0,0,248740, € 13.00 ,Southampton,
344,no,middle,"Sedgwick, Mr. Charles Frederick Waddington",male,25,0,0,244361, € 13.00 ,Southampton,
345,no,middle,"Fox, Mr. Stanley Hubert",male,36,0,0,229236, € 13.00 ,Southampton,
346,yes,middle,"Brown, Miss. Amelia ""Mildred""",female,24,0,0,248733, € 13.00 ,Southampton,
347,yes,middle,"Smith, Miss. Marion Elsie",female,40,0,0,31418, € 13.00 ,Southampton,
348,yes,upper,"Davison, Mrs. Thomas Henry (Mary E Finck)",female,30,1,0,386525, € 16.10 ,Southampton,
349,yes,upper,"Coutts, Master. William Loch ""William""",male,3,1,1,C.A. 37671, € 15.90 ,Southampton,
350,no,upper,"Dimic, Mr. Jovan",male,42,0,0,315088, € 8.66 ,Southampton,
351,no,upper,"Odahl, Mr. Nils Martin",male,23,0,0,7267, € 9.23 ,Southampton,
352,no,lower,"Williams-Lambert, Mr. Fletcher Fellows",male,30,0,0,113510, € 35.00 ,Southampton,
353,no,upper,"Elias, Mr. Tannous",male,15,1,1,2695, € 7.23 ,Cherbourg,
354,no,upper,"Arnold-Franchi, Mr. Josef",male,25,1,0,349237, € 17.80 ,Southampton,
355,no,upper,"Yousif, Mr. Wazli",male,30,0,0,2647, € 7.23 ,Cherbourg,
356,no,upper,"Vanden Steen, Mr. Leo Peter",male,28,0,0,345783, € 9.50 ,Southampton,
357,yes,lower,"Bowerman, Miss. Elsie Edith",female,22,0,1,113505, € 55.00 ,Southampton,
358,no,middle,"Funk, Miss. Annie Clemmer",female,38,0,0,237671, € 13.00 ,Southampton,
359,yes,upper,"McGovern, Miss. Mary",female,30,0,0,330931, € 7.88 ,Queenstown,
360,yes,upper,"Mockler, Miss. Helen Mary ""Ellie""",female,30,0,0,330980, € 7.88 ,Queenstown,
361,no,upper,"Skoog, Mr. Wilhelm",male,40,1,4,347088, € 27.90 ,Southampton,
362,no,middle,"del Carlo, Mr. Sebastiano",male,29,1,0,SC/PARIS 2167, € 27.72 ,Cherbourg,
363,no,upper,"Barbara, Mrs. (Catherine David)",female,45,0,1,2691, € 14.45 ,Cherbourg,
364,no,upper,"Asim, Mr. Adola",male,35,0,0,SOTON/O.Q. 3101310, € 7.05 ,Southampton,
365,no,upper,"O'Brien, Mr. Thomas",male,30,1,0,370365, € 15.50 ,Queenstown,
366,no,upper,"Adahl, Mr. Mauritz Nils Martin",male,30,0,0,C 7076, € 7.25 ,Southampton,
367,yes,lower,"Warren, Mrs. Frank Manley (Anna Sophia Atkinson)",female,60,1,0,110813, € 75.25 ,Cherbourg,
368,yes,upper,"Moussa, Mrs. (Mantoura Boulos)",female,30,0,0,2626, € 7.23 ,Cherbourg,
369,yes,upper,"Jermyn, Miss. Annie",female,30,0,0,14313, € 7.75 ,Queenstown,
370,yes,lower,"Aubart, Mme. Leontine Pauline",female,24,0,0,PC 17477, € 69.30 ,Cherbourg,
371,yes,lower,"Harder, Mr. George Achilles",male,25,1,0,11765, € 55.44 ,Cherbourg,
372,no,upper,"Wiklund, Mr. Jakob Alfred",male,18,1,0,3101267, € 6.50 ,Southampton,
373,no,upper,"Beavan, Mr. William Thomas",male,19,0,0,323951, € 8.05 ,Southampton,
374,no,lower,"Ringhini, Mr. Sante",male,22,0,0,PC 17760, € 135.63 ,Cherbourg,
375,no,upper,"Palsson, Miss. Stina Viola",female,3,3,1,349909, € 21.08 ,Southampton,
376,yes,lower,"Meyer, Mrs. Edgar Joseph (Leila Saks)",female,30,1,0,PC 17604, € 82.17 ,Cherbourg,
377,yes,upper,"Landergren, Miss. Aurora Adelia",female,22,0,0,C 7077, € 7.25 ,Southampton,
378,no,lower,"Widener, Mr. Harry Elkins",male,27,0,2,113503, € 211.50 ,Cherbourg,
379,no,upper,"Betros, Mr. Tannous",male,20,0,0,2648, € 4.01 ,Cherbourg,
380,no,upper,"Gustafsson, Mr. Karl Gideon",male,19,0,0,347069, € 7.78 ,Southampton,
381,yes,lower,"Bidois, Miss. Rosalie",female,42,0,0,PC 17757, € 227.53 ,Cherbourg,
382,yes,upper,"Nakid, Miss. Maria (""Mary"")",female,1,0,2,2653, € 15.74 ,Cherbourg,
383,no,upper,"Tikkanen, Mr. Juho",male,32,0,0,STON/O 2. 3101293, € 7.93 ,Southampton,
384,yes,lower,"Holverson, Mrs. Alexander Oskar (Mary Aline Towner)",female,35,1,0,113789, € 52.00 ,Southampton,
385,no,upper,"Plotcharsky, Mr. Vasil",male,30,0,0,349227, € 7.90 ,Southampton,
386,no,middle,"Davies, Mr. Charles Henry",male,18,0,0,S.O.C. 14879, € 73.50 ,Southampton,
387,no,upper,"Goodwin, Master. Sidney Leonard",male,1,5,2,CA 2144, € 46.90 ,Southampton,
388,yes,middle,"Buss, Miss. Kate",female,36,0,0,27849, € 13.00 ,Southampton,
389,no,upper,"Sadlier, Mr. Matthew",male,30,0,0,367655, € 7.73 ,Queenstown,
390,yes,middle,"Lehmann, Miss. Bertha",female,17,0,0,SC 1748, € 12.00 ,Cherbourg,
391,yes,lower,"Carter, Mr. William Ernest",male,36,1,2,113760, € 120.00 ,Southampton,
392,yes,upper,"Jansson, Mr. Carl Olof",male,21,0,0,350034, € 7.80 ,Southampton,
393,no,upper,"Gustafsson, Mr. Johan Birger",male,28,2,0,3101277, € 7.93 ,Southampton,
394,yes,lower,"Newell, Miss. Marjorie",female,23,1,0,35273, € 113.28 ,Cherbourg,
395,yes,upper,"Sandstrom, Mrs. Hjalmar (Agnes Charlotta Bengtsson)",female,24,0,2,PP 9549, € 16.70 ,Southampton,
396,no,upper,"Johansson, Mr. Erik",male,22,0,0,350052, € 7.80 ,Southampton,
397,no,upper,"Olsson, Miss. Elina",female,31,0,0,350407, € 7.85 ,Southampton,
398,no,middle,"McKane, Mr. Peter David",male,46,0,0,28403, € 26.00 ,Southampton,
399,no,middle,"Pain, Dr. Alfred",male,23,0,0,244278, € 10.50 ,Southampton,
400,yes,middle,"Trout, Mrs. William H (Jessie L)",female,28,0,0,240929, € 12.65 ,Southampton,
401,yes,upper,"Niskanen, Mr. Juha",male,39,0,0,STON/O 2. 3101289, € 7.93 ,Southampton,
402,no,upper,"Adams, Mr. John",male,26,0,0,341826, € 8.05 ,Southampton,
403,no,upper,"Jussila, Miss. Mari Aina",female,21,1,0,4137, € 9.83 ,Southampton,
404,no,upper,"Hakkarainen, Mr. Pekka Pietari",male,28,1,0,STON/O2. 3101279, € 15.85 ,Southampton,
405,no,upper,"Oreskovic, Miss. Marija",female,20,0,0,315096, € 8.66 ,Southampton,
406,no,middle,"Gale, Mr. Shadrach",male,34,1,0,28664, € 21.00 ,Southampton,
407,no,upper,"Widegren, Mr. Carl/Charles Peter",male,51,0,0,347064, € 7.75 ,Southampton,
408,yes,middle,"Richards, Master. William Rowe",male,3,1,1,29106, € 18.75 ,Southampton,
409,no,upper,"Birkeland, Mr. Hans Martin Monsen",male,21,0,0,312992, € 7.78 ,Southampton,
410,no,upper,"Lefebre, Miss. Ida",female,30,3,1,4133, € 25.47 ,Southampton,
411,no,upper,"Sdycoff, Mr. Todor",male,30,0,0,349222, € 7.90 ,Southampton,
412,no,upper,"Hart, Mr. Henry",male,30,0,0,394140, € 6.86 ,Queenstown,
413,yes,lower,"Minahan, Miss. Daisy E",female,33,1,0,19928, € 90.00 ,Queenstown,
414,no,middle,"Cunningham, Mr. Alfred Fleming",male,30,0,0,239853, € -   ,Southampton,
415,yes,upper,"Sundman, Mr. Johan Julian",male,44,0,0,STON/O 2. 3101269, € 7.93 ,Southampton,
416,no,upper,"Meek, Mrs. Thomas (Annie Louise Rowley)",female,30,0,0,343095, € 8.05 ,Southampton,
417,yes,middle,"Drew, Mrs. James Vivian (Lulu Thorne Christian)",female,34,1,1,28220, € 32.50 ,Southampton,
418,yes,middle,"Silven, Miss. Lyyli Karoliina",female,18,0,2,250652, € 13.00 ,Southampton,
419,no,middle,"Matthews, Mr. William John",male,30,0,0,28228, € 13.00 ,Southampton,
420,no,upper,"Van Impe, Miss. Catharina",female,10,0,2,345773, € 24.15 ,Southampton,
421,no,upper,"Gheorgheff, Mr. Stanio",male,30,0,0,349254, € 7.90 ,Cherbourg,
422,no,upper,"Charters, Mr. David",male,21,0,0,A/5. 13032, € 7.73 ,Queenstown,
423,no,upper,"Zimmerman, Mr. Leo",male,29,0,0,315082, € 7.88 ,Southampton,
424,no,upper,"Danbom, Mrs. Ernst Gilbert (Anna Sigrid Maria Brogren)",female,28,1,1,347080, € 14.40 ,Southampton,
425,no,upper,"Rosblom, Mr. Viktor Richard",male,18,1,1,370129, € 20.21 ,Southampton,
426,no,upper,"Wiseman, Mr. Phillippe",male,30,0,0,A/4. 34244, € 7.25 ,Southampton,
427,yes,middle,"Clarke, Mrs. Charles V (Ada Maria Winfield)",female,28,1,0,2003, € 26.00 ,Southampton,
428,yes,middle,"Phillips, Miss. Kate Florence (""Mrs Kate Louise Phillips Marshall"")",female,19,0,0,250655, € 26.00 ,Southampton,
429,no,upper,"Flynn, Mr. James",male,30,0,0,364851, € 7.75 ,Queenstown,
430,yes,upper,"Pickard, Mr. Berk (Berk Trembisky)",male,32,0,0,SOTON/O.Q. 392078, € 8.05 ,Southampton,
431,yes,lower,"Bjornstrom-Steffansson, Mr. Mauritz Hakan",male,28,0,0,110564, € 26.55 ,Southampton,
432,yes,upper,"Thorneycroft, Mrs. Percival (Florence Kate White)",female,30,1,0,376564, € 16.10 ,Southampton,
433,yes,middle,"Louch, Mrs. Charles Alexander (Alice Adelaide Slow)",female,42,1,0,SC/AH 3085, € 26.00 ,Southampton,
434,no,upper,"Kallio, Mr. Nikolai Erland",male,17,0,0,STON/O 2. 3101274, € 7.13 ,Southampton,
435,no,lower,"Silvey, Mr. William Baird",male,50,1,0,13507, € 55.90 ,Southampton,
436,yes,lower,"Carter, Miss. Lucile Polk",female,14,1,2,113760, € 120.00 ,Southampton,
437,no,upper,"Ford, Miss. Doolina Margaret ""Daisy""",female,21,2,2,W./C. 6608, € 34.38 ,Southampton,
438,yes,middle,"Richards, Mrs. Sidney (Emily Hocking)",female,24,2,3,29106, € 18.75 ,Southampton,
439,no,lower,"Fortune, Mr. Mark",male,64,1,4,19950, € 263.00 ,Southampton,
440,no,middle,"Kvillner, Mr. Johan Henrik Johannesson",male,31,0,0,C.A. 18723, € 10.50 ,Southampton,
441,yes,middle,"Hart, Mrs. Benjamin (Esther Ada Bloomfield)",female,45,1,1,F.C.C. 13529, € 26.25 ,Southampton,
442,no,upper,"Hampe, Mr. Leon",male,20,0,0,345769, € 9.50 ,Southampton,
443,no,upper,"Petterson, Mr. Johan Emil",male,25,1,0,347076, € 7.78 ,Southampton,
444,yes,middle,"Reynaldo, Ms. Encarnacion",female,28,0,0,230434, € 13.00 ,Southampton,
445,yes,upper,"Johannesen-Bratthammer, Mr. Bernt",male,30,0,0,65306, € 8.11 ,Southampton,
446,yes,lower,"Dodge, Master. Washington",male,4,0,2,33638, € 81.86 ,Southampton,
447,yes,middle,"Mellinger, Miss. Madeleine Violet",female,13,0,1,250644, € 19.50 ,Southampton,
448,yes,lower,"Seward, Mr. Frederic Kimber",male,34,0,0,113794, € 26.55 ,Southampton,
449,yes,upper,"Baclini, Miss. Marie Catherine",female,5,2,1,2666, € 19.26 ,Cherbourg,
450,yes,lower,"Peuchen, Major. Arthur Godfrey",male,52,0,0,113786, € 30.50 ,Southampton,
451,no,middle,"West, Mr. Edwy Arthur",male,36,1,2,C.A. 34651, € 27.75 ,Southampton,
452,no,upper,"Hagland, Mr. Ingvald Olai Olsen",male,30,1,0,65303, € 19.97 ,Southampton,
453,no,lower,"Foreman, Mr. Benjamin Laventall",male,30,0,0,113051, € 27.75 ,Cherbourg,
454,yes,lower,"Goldenberg, Mr. Samuel L",male,49,1,0,17453, € 89.10 ,Cherbourg,
455,no,upper,"Peduzzi, Mr. Joseph",male,30,0,0,A/5 2817, € 8.05 ,Southampton,
456,yes,upper,"Jalsevac, Mr. Ivan",male,29,0,0,349240, € 7.90 ,Cherbourg,
457,no,lower,"Millet, Mr. Francis Davis",male,65,0,0,13509, € 26.55 ,Southampton,
458,yes,lower,"Kenyon, Mrs. Frederick R (Marion)",female,30,1,0,17464, € 51.86 ,Southampton,
459,yes,middle,"Toomey, Miss. Ellen",female,50,0,0,F.C.C. 13531, € 10.50 ,Southampton,
460,no,upper,"O'Connor, Mr. Maurice",male,30,0,0,371060, € 7.75 ,Queenstown,
461,yes,lower,"Anderson, Mr. Harry",male,48,0,0,19952, € 26.55 ,Southampton,
462,no,upper,"Morley, Mr. William",male,34,0,0,364506, € 8.05 ,Southampton,
463,no,lower,"Gee, Mr. Arthur H",male,47,0,0,111320, € 38.50 ,Southampton,
464,no,middle,"Milling, Mr. Jacob Christian",male,48,0,0,234360, € 13.00 ,Southampton,
465,no,upper,"Maisner, Mr. Simon",male,30,0,0,A/S 2816, € 8.05 ,Southampton,
466,no,upper,"Goncalves, Mr. Manuel Estanslas",male,38,0,0,SOTON/O.Q. 3101306, € 7.05 ,Southampton,
467,no,middle,"Campbell, Mr. William",male,30,0,0,239853, € -   ,Southampton,
468,no,lower,"Smart, Mr. John Montgomery",male,56,0,0,113792, € 26.55 ,Southampton,
469,no,upper,"Scanlan, Mr. James",male,30,0,0,36209, € 7.73 ,Queenstown,
470,yes,upper,"Baclini, Miss. Helene Barbara",female,1,2,1,2666, € 19.26 ,Cherbourg,
471,no,upper,"Keefe, Mr. Arthur",male,30,0,0,323592, € 7.25 ,Southampton,
472,no,upper,"Cacic, Mr. Luka",male,38,0,0,315089, € 8.66 ,Southampton,
473,yes,middle,"West, Mrs. Edwy Arthur (Ada Mary Worth)",female,33,1,2,C.A. 34651, € 27.75 ,Southampton,
474,yes,middle,"Jerwan, Mrs. Amin S (Marie Marthe Thuillard)",female,23,0,0,SC/AH Basle 541, € 13.79 ,Cherbourg,
475,no,upper,"Strandberg, Miss. Ida Sofia",female,22,0,0,7553, € 9.84 ,Southampton,
476,no,lower,"Clifford, Mr. George Quincy",male,30,0,0,110465, € 52.00 ,Southampton,
477,no,middle,"Renouf, Mr. Peter Henry",male,34,1,0,31027, € 21.00 ,Southampton,
478,no,upper,"Braund, Mr. Lewis Richard",male,29,1,0,3460, € 7.05 ,Southampton,
479,no,upper,"Karlsson, Mr. Nils August",male,22,0,0,350060, € 7.52 ,Southampton,
480,yes,upper,"Hirvonen, Miss. Hildur E",female,2,0,1,3101298, € 12.29 ,Southampton,
481,no,upper,"Goodwin, Master. Harold Victor",male,9,5,2,CA 2144, € 46.90 ,Southampton,
482,no,middle,"Frost, Mr. Anthony Wood ""Archie""",male,30,0,0,239854, € -   ,Southampton,
483,no,upper,"Rouse, Mr. Richard Henry",male,50,0,0,A/5 3594, € 8.05 ,Southampton,
484,yes,upper,"Turkula, Mrs. (Hedwig)",female,63,0,0,4134, € 9.59 ,Southampton,
485,yes,lower,"Bishop, Mr. Dickinson H",male,25,1,0,11967, € 91.08 ,Cherbourg,
486,no,upper,"Lefebre, Miss. Jeannie",female,30,3,1,4133, € 25.47 ,Southampton,
487,yes,lower,"Hoyt, Mrs. Frederick Maxfield (Jane Anne Forby)",female,35,1,0,19943, € 90.00 ,Southampton,
488,no,lower,"Kent, Mr. Edward Austin",male,58,0,0,11771, € 29.70 ,Cherbourg,
489,no,upper,"Somerton, Mr. Francis William",male,30,0,0,A.5. 18509, € 8.05 ,Southampton,
490,yes,upper,"Coutts, Master. Eden Leslie ""Neville""",male,9,1,1,C.A. 37671, € 15.90 ,Southampton,
491,no,upper,"Hagland, Mr. Konrad Mathias Reiersen",male,30,1,0,65304, € 19.97 ,Southampton,
492,no,upper,"Windelov, Mr. Einar",male,21,0,0,SOTON/OQ 3101317, € 7.25 ,Southampton,
493,no,lower,"Molson, Mr. Harry Markland",male,55,0,0,113787, € 30.50 ,Southampton,
494,no,lower,"Artagaveytia, Mr. Ramon",male,71,0,0,PC 17609, € 49.50 ,Cherbourg,
495,no,upper,"Stanley, Mr. Edward Roland",male,21,0,0,A/4 45380, € 8.05 ,Southampton,
496,no,upper,"Yousseff, Mr. Gerious",male,30,0,0,2627, € 14.46 ,Cherbourg,
497,yes,lower,"Eustis, Miss. Elizabeth Mussey",female,54,1,0,36947, € 78.27 ,Cherbourg,
498,no,upper,"Shellard, Mr. Frederick William",male,30,0,0,C.A. 6212, € 15.10 ,Southampton,
499,no,lower,"Allison, Mrs. Hudson J C (Bessie Waldo Daniels)",female,25,1,2,113781, € 151.55 ,Southampton,
500,no,upper,"Svensson, Mr. Olof",male,24,0,0,350035, € 7.80 ,Southampton,
501,no,upper,"Calic, Mr. Petar",male,17,0,0,315086, € 8.66 ,Southampton,
502,no,upper,"Canavan, Miss. Mary",female,21,0,0,364846, € 7.75 ,Queenstown,
503,no,upper,"O'Sullivan, Miss. Bridget Mary",female,30,0,0,330909, € 7.63 ,Queenstown,
504,no,upper,"Laitinen, Miss. Kristina Sofia",female,37,0,0,4135, € 9.59 ,Southampton,
505,yes,lower,"Maioni, Miss. Roberta",female,16,0,0,110152, € 86.50 ,Southampton,
506,no,lower,"Penasco y Castellana, Mr. Victor de Satode",male,18,1,0,PC 17758, € 108.90 ,Cherbourg,
507,yes,middle,"Quick, Mrs. Frederick Charles (Jane Richards)",female,33,0,2,26360, € 26.00 ,Southampton,
508,yes,lower,"Bradley, Mr. George (""George Arthur Brayton"")",male,30,0,0,111427, € 26.55 ,Southampton,
509,no,upper,"Olsen, Mr. Henry Margido",male,28,0,0,C 4001, € 22.53 ,Southampton,
510,yes,upper,"Lang, Mr. Fang",male,26,0,0,1601, € 56.50 ,Southampton,
511,yes,upper,"Daly, Mr. Eugene Patrick",male,29,0,0,382651, € 7.75 ,Queenstown,
512,no,upper,"Webber, Mr. James",male,30,0,0,SOTON/OQ 3101316, € 8.05 ,Southampton,
513,yes,lower,"McGough, Mr. James Robert",male,36,0,0,PC 17473, € 26.29 ,Southampton,
514,yes,lower,"Rothschild, Mrs. Martin (Elizabeth L. Barrett)",female,54,1,0,PC 17603, € 59.40 ,Cherbourg,
515,no,upper,"Coleff, Mr. Satio",male,24,0,0,349209, € 7.50 ,Southampton,
516,no,lower,"Walker, Mr. William Anderson",male,47,0,0,36967, € 34.02 ,Southampton,
517,yes,middle,"Lemore, Mrs. (Amelia Milley)",female,34,0,0,C.A. 34260, € 10.50 ,Southampton,
518,no,upper,"Ryan, Mr. Patrick",male,30,0,0,371110, € 24.15 ,Queenstown,
519,yes,middle,"Angle, Mrs. William A (Florence ""Mary"" Agnes Hughes)",female,36,1,0,226875, € 26.00 ,Southampton,
520,no,upper,"Pavlovic, Mr. Stefo",male,32,0,0,349242, € 7.90 ,Southampton,
521,yes,lower,"Perreault, Miss. Anne",female,30,0,0,12749, € 93.50 ,Southampton,
522,no,upper,"Vovk, Mr. Janko",male,22,0,0,349252, € 7.90 ,Southampton,
523,no,upper,"Lahoud, Mr. Sarkis",male,30,0,0,2624, € 7.23 ,Cherbourg,
524,yes,lower,"Hippach, Mrs. Louis Albert (Ida Sophia Fischer)",female,44,0,1,111361, € 57.98 ,Cherbourg,
525,no,upper,"Kassem, Mr. Fared",male,30,0,0,2700, € 7.23 ,Cherbourg,
526,no,upper,"Farrell, Mr. James",male,41,0,0,367232, € 7.75 ,Queenstown,
527,yes,middle,"Ridsdale, Miss. Lucy",female,50,0,0,W./C. 14258, € 10.50 ,Southampton,
528,no,lower,"Farthing, Mr. John",male,30,0,0,PC 17483, € 221.78 ,Southampton,
529,no,upper,"Salonen, Mr. Johan Werner",male,39,0,0,3101296, € 7.93 ,Southampton,
530,no,middle,"Hocking, Mr. Richard George",male,23,2,1,29104, € 11.50 ,Southampton,
531,yes,middle,"Quick, Miss. Phyllis May",female,2,1,1,26360, € 26.00 ,Southampton,
532,no,upper,"Toufik, Mr. Nakli",male,30,0,0,2641, € 7.23 ,Cherbourg,
533,no,upper,"Elias, Mr. Joseph Jr",male,17,1,1,2690, € 7.23 ,Cherbourg,
534,yes,upper,"Peter, Mrs. Catherine (Catherine Rizk)",female,30,0,2,2668, € 22.36 ,Cherbourg,
535,no,upper,"Cacic, Miss. Marija",female,30,0,0,315084, € 8.66 ,Southampton,
536,yes,middle,"Hart, Miss. Eva Miriam",female,7,0,2,F.C.C. 13529, € 26.25 ,Southampton,
537,no,lower,"Butt, Major. Archibald Willingham",male,45,0,0,113050, € 26.55 ,Southampton,
538,yes,lower,"LeRoy, Miss. Bertha",female,30,0,0,PC 17761, € 106.43 ,Cherbourg,
539,no,upper,"Risien, Mr. Samuel Beard",male,30,0,0,364498, € 14.50 ,Southampton,
540,yes,lower,"Frolicher, Miss. Hedwig Margaritha",female,22,0,2,13568, € 49.50 ,Cherbourg,
541,yes,lower,"Crosby, Miss. Harriet R",female,36,0,2,WE/P 5735, € 71.00 ,Southampton,
542,no,upper,"Andersson, Miss. Ingeborg Constanzia",female,9,4,2,347082, € 31.28 ,Southampton,
543,no,upper,"Andersson, Miss. Sigrid Elisabeth",female,11,4,2,347082, € 31.28 ,Southampton,
544,yes,middle,"Beane, Mr. Edward",male,32,1,0,2908, € 26.00 ,Southampton,
545,no,lower,"Douglas, Mr. Walter Donald",male,50,1,0,PC 17761, € 106.43 ,Cherbourg,
546,no,lower,"Nicholson, Mr. Arthur Ernest",male,64,0,0,693, € 26.00 ,Southampton,
547,yes,middle,"Beane, Mrs. Edward (Ethel Clarke)",female,19,1,0,2908, € 26.00 ,Southampton,
548,yes,middle,"Padro y Manent, Mr. Julian",male,30,0,0,SC/PARIS 2146, € 13.86 ,Cherbourg,
549,no,upper,"Goldsmith, Mr. Frank John",male,33,1,1,363291, € 20.53 ,Southampton,
550,yes,middle,"Davies, Master. John Morgan Jr",male,8,1,1,C.A. 33112, € 36.75 ,Southampton,
551,yes,lower,"Thayer, Mr. John Borland Jr",male,17,0,2,17421, € 110.88 ,Cherbourg,
552,no,middle,"Sharp, Mr. Percival James R",male,27,0,0,244358, € 26.00 ,Southampton,
553,no,upper,"O'Brien, Mr. Timothy",male,30,0,0,330979, € 7.83 ,Queenstown,
554,yes,upper,"Leeni, Mr. Fahim (""Philip Zenni"")",male,22,0,0,2620, € 7.23 ,Cherbourg,
555,yes,upper,"Ohman, Miss. Velin",female,22,0,0,347085, € 7.78 ,Southampton,
556,no,lower,"Wright, Mr. George",male,62,0,0,113807, € 26.55 ,Southampton,
557,yes,lower,"Duff Gordon, Lady. (Lucille Christiana Sutherland) (""Mrs Morgan"")",female,48,1,0,11755, € 39.60 ,Cherbourg,
558,no,lower,"Robbins, Mr. Victor",male,30,0,0,PC 17757, € 227.53 ,Cherbourg,
559,yes,lower,"Taussig, Mrs. Emil (Tillie Mandelbaum)",female,39,1,1,110413, € 79.65 ,Southampton,
560,yes,upper,"de Messemaeker, Mrs. Guillaume Joseph (Emma)",female,36,1,0,345572, € 17.40 ,Southampton,
561,no,upper,"Morrow, Mr. Thomas Rowan",male,30,0,0,372622, € 7.75 ,Queenstown,
562,no,upper,"Sivic, Mr. Husein",male,40,0,0,349251, € 7.90 ,Southampton,
563,no,middle,"Norman, Mr. Robert Douglas",male,28,0,0,218629, € 13.50 ,Southampton,
564,no,upper,"Simmons, Mr. John",male,30,0,0,SOTON/OQ 392082, € 8.05 ,Southampton,
565,no,upper,"Meanwell, Miss. (Marion Ogden)",female,30,0,0,SOTON/O.Q. 392087, € 8.05 ,Southampton,
566,no,upper,"Davies, Mr. Alfred J",male,24,2,0,A/4 48871, € 24.15 ,Southampton,
567,no,upper,"Stoytcheff, Mr. Ilia",male,19,0,0,349205, € 7.90 ,Southampton,
568,no,upper,"Palsson, Mrs. Nils (Alma Cornelia Berglund)",female,29,0,4,349909, € 21.08 ,Southampton,
569,no,upper,"Doharr, Mr. Tannous",male,30,0,0,2686, € 7.23 ,Cherbourg,
570,yes,upper,"Jonsson, Mr. Carl",male,32,0,0,350417, € 7.85 ,Southampton,
571,yes,middle,"Harris, Mr. George",male,62,0,0,S.W./PP 752, € 10.50 ,Southampton,
572,yes,lower,"Appleton, Mrs. Edward Dale (Charlotte Lamson)",female,53,2,0,11769, € 51.48 ,Southampton,
573,yes,lower,"Flynn, Mr. John Irwin (""Irving"")",male,36,0,0,PC 17474, € 26.39 ,Southampton,
574,yes,upper,"Kelly, Miss. Mary",female,30,0,0,14312, € 7.75 ,Queenstown,
575,no,upper,"Rush, Mr. Alfred George John",male,16,0,0,A/4. 20589, € 8.05 ,Southampton,
576,no,upper,"Patchett, Mr. George",male,19,0,0,358585, € 14.50 ,Southampton,
577,yes,middle,"Garside, Miss. Ethel",female,34,0,0,243880, € 13.00 ,Southampton,
578,yes,lower,"Silvey, Mrs. William Baird (Alice Munger)",female,39,1,0,13507, € 55.90 ,Southampton,
579,no,upper,"Caram, Mrs. Joseph (Maria Elias)",female,30,1,0,2689, € 14.46 ,Cherbourg,
580,yes,upper,"Jussila, Mr. Eiriik",male,32,0,0,STON/O 2. 3101286, € 7.93 ,Southampton,
581,yes,middle,"Christy, Miss. Julie Rachel",female,25,1,1,237789, € 30.00 ,Southampton,
582,yes,lower,"Thayer, Mrs. John Borland (Marian Longstreth Morris)",female,39,1,1,17421, € 110.88 ,Cherbourg,
583,no,middle,"Downton, Mr. William James",male,54,0,0,28403, € 26.00 ,Southampton,
584,no,lower,"Ross, Mr. John Hugo",male,36,0,0,13049, € 40.13 ,Cherbourg,
585,no,upper,"Paulner, Mr. Uscher",male,30,0,0,3411, € 8.71 ,Cherbourg,
586,yes,lower,"Taussig, Miss. Ruth",female,18,0,2,110413, € 79.65 ,Southampton,
587,no,middle,"Jarvis, Mr. John Denzil",male,47,0,0,237565, € 15.00 ,Southampton,
588,yes,lower,"Frolicher-Stehli, Mr. Maxmillian",male,60,1,1,13567, € 79.20 ,Cherbourg,
589,no,upper,"Gilinski, Mr. Eliezer",male,22,0,0,14973, € 8.05 ,Southampton,
590,no,upper,"Murdlin, Mr. Joseph",male,30,0,0,A./5. 3235, € 8.05 ,Southampton,
591,no,upper,"Rintamaki, Mr. Matti",male,35,0,0,STON/O 2. 3101273, € 7.13 ,Southampton,
592,yes,lower,"Stephenson, Mrs. Walter Bertram (Martha Eustis)",female,52,1,0,36947, € 78.27 ,Cherbourg,
593,no,upper,"Elsbury, Mr. William James",male,47,0,0,A/5 3902, € 7.25 ,Southampton,
594,no,upper,"Bourke, Miss. Mary",female,30,0,2,364848, € 7.75 ,Queenstown,
595,no,middle,"Chapman, Mr. John Henry",male,37,1,0,SC/AH 29037, € 26.00 ,Southampton,
596,no,upper,"Van Impe, Mr. Jean Baptiste",male,36,1,1,345773, € 24.15 ,Southampton,
597,yes,middle,"Leitch, Miss. Jessie Wills",female,30,0,0,248727, € 33.00 ,Southampton,
598,no,upper,"Johnson, Mr. Alfred",male,49,0,0,LINE, € -   ,Southampton,
599,no,upper,"Boulos, Mr. Hanna",male,30,0,0,2664, € 7.23 ,Cherbourg,
600,yes,lower,"Duff Gordon, Sir. Cosmo Edmund (""Mr Morgan"")",male,49,1,0,PC 17485, € 56.93 ,Cherbourg,
601,yes,middle,"Jacobsohn, Mrs. Sidney Samuel (Amy Frances Christy)",female,24,2,1,243847, € 27.00 ,Southampton,
602,no,upper,"Slabenoff, Mr. Petco",male,30,0,0,349214, € 7.90 ,Southampton,
603,no,lower,"Harrington, Mr. Charles H",male,30,0,0,113796, € 42.40 ,Southampton,
604,no,upper,"Torber, Mr. Ernst William",male,44,0,0,364511, € 8.05 ,Southampton,
605,yes,lower,"Homer, Mr. Harry (""Mr E Haven"")",male,35,0,0,111426, € 26.55 ,Cherbourg,
606,no,upper,"Lindell, Mr. Edvard Bengtsson",male,36,1,0,349910, € 15.55 ,Southampton,
607,no,upper,"Karaic, Mr. Milan",male,30,0,0,349246, € 7.90 ,Southampton,
608,yes,lower,"Daniel, Mr. Robert Williams",male,27,0,0,113804, € 30.50 ,Southampton,
609,yes,middle,"Laroche, Mrs. Joseph (Juliette Marie Louise Lafargue)",female,22,1,2,SC/Paris 2123, € 41.58 ,Cherbourg,
610,yes,lower,"Shutes, Miss. Elizabeth W",female,40,0,0,PC 17582, € 153.46 ,Southampton,
611,no,upper,"Andersson, Mrs. Anders Johan (Alfrida Konstantia Brogren)",female,39,1,5,347082, € 31.28 ,Southampton,
612,no,upper,"Jardin, Mr. Jose Neto",male,30,0,0,SOTON/O.Q. 3101305, € 7.05 ,Southampton,
613,yes,upper,"Murphy, Miss. Margaret Jane",female,30,1,0,367230, € 15.50 ,Queenstown,
614,no,upper,"Horgan, Mr. John",male,30,0,0,370377, € 7.75 ,Queenstown,
615,no,upper,"Brocklebank, Mr. William Alfred",male,35,0,0,364512, € 8.05 ,Southampton,
616,yes,middle,"Herman, Miss. Alice",female,24,1,2,220845, € 65.00 ,Southampton,
617,no,upper,"Danbom, Mr. Ernst Gilbert",male,34,1,1,347080, € 14.40 ,Southampton,
618,no,upper,"Lobb, Mrs. William Arthur (Cordelia K Stanlick)",female,26,1,0,A/5. 3336, € 16.10 ,Southampton,
619,yes,middle,"Becker, Miss. Marion Louise",female,4,2,1,230136, € 39.00 ,Southampton,
620,no,middle,"Gavey, Mr. Lawrence",male,26,0,0,31028, € 10.50 ,Southampton,
621,no,upper,"Yasbeck, Mr. Antoni",male,27,1,0,2659, € 14.45 ,Cherbourg,
622,yes,lower,"Kimball, Mr. Edwin Nelson Jr",male,42,1,0,11753, € 52.55 ,Southampton,
623,yes,upper,"Nakid, Mr. Sahid",male,20,1,1,2653, € 15.74 ,Cherbourg,
624,no,upper,"Hansen, Mr. Henry Damsgaard",male,21,0,0,350029, € 7.85 ,Southampton,
625,no,upper,"Bowen, Mr. David John ""Dai""",male,21,0,0,54636, € 16.10 ,Southampton,
626,no,lower,"Sutton, Mr. Frederick",male,61,0,0,36963, € 32.32 ,Southampton,
627,no,middle,"Kirkland, Rev. Charles Leonard",male,57,0,0,219533, € 12.35 ,Queenstown,
628,yes,lower,"Longley, Miss. Gretchen Fiske",female,21,0,0,13502, € 77.96 ,Southampton,
629,no,upper,"Bostandyeff, Mr. Guentcho",male,26,0,0,349224, € 7.90 ,Southampton,
630,no,upper,"O'Connell, Mr. Patrick D",male,30,0,0,334912, € 7.73 ,Queenstown,
631,yes,lower,"Barkworth, Mr. Algernon Henry Wilson",male,80,0,0,27042, € 30.00 ,Southampton,
632,no,upper,"Lundahl, Mr. Johan Svensson",male,51,0,0,347743, € 7.05 ,Southampton,
633,yes,lower,"Stahelin-Maeglin, Dr. Max",male,32,0,0,13214, € 30.50 ,Cherbourg,
634,no,lower,"Parr, Mr. William Henry Marsh",male,30,0,0,112052, € -   ,Southampton,
635,no,upper,"Skoog, Miss. Mabel",female,9,3,2,347088, € 27.90 ,Southampton,
636,yes,middle,"Davis, Miss. Mary",female,28,0,0,237668, € 13.00 ,Southampton,
637,no,upper,"Leinonen, Mr. Antti Gustaf",male,32,0,0,STON/O 2. 3101292, € 7.93 ,Southampton,
638,no,middle,"Collyer, Mr. Harvey",male,31,1,1,C.A. 31921, € 26.25 ,Southampton,
639,no,upper,"Panula, Mrs. Juha (Maria Emilia Ojala)",female,41,0,5,3101295, € 39.69 ,Southampton,
640,no,upper,"Thorneycroft, Mr. Percival",male,30,1,0,376564, € 16.10 ,Southampton,
641,no,upper,"Jensen, Mr. Hans Peder",male,20,0,0,350050, € 7.85 ,Southampton,
642,yes,lower,"Sagesser, Mlle. Emma",female,24,0,0,PC 17477, € 69.30 ,Cherbourg,
643,no,upper,"Skoog, Miss. Margit Elizabeth",female,2,3,2,347088, € 27.90 ,Southampton,
644,yes,upper,"Foo, Mr. Choong",male,30,0,0,1601, € 56.50 ,Southampton,
645,yes,upper,"Baclini, Miss. Eugenie",female,1,2,1,2666, € 19.26 ,Cherbourg,
646,yes,lower,"Harper, Mr. Henry Sleeper",male,48,1,0,PC 17572, € 76.73 ,Cherbourg,
647,no,upper,"Cor, Mr. Liudevit",male,19,0,0,349231, € 7.90 ,Southampton,
648,yes,lower,"Simonius-Blumer, Col. Oberst Alfons",male,56,0,0,13213, € 35.50 ,Cherbourg,
649,no,upper,"Willey, Mr. Edward",male,30,0,0,S.O./P.P. 751, € 7.55 ,Southampton,
650,yes,upper,"Stanley, Miss. Amy Zillah Elsie",female,23,0,0,CA. 2314, € 7.55 ,Southampton,
651,no,upper,"Mitkoff, Mr. Mito",male,30,0,0,349221, € 7.90 ,Southampton,
652,yes,middle,"Doling, Miss. Elsie",female,18,0,1,231919, € 23.00 ,Southampton,
653,no,upper,"Kalvik, Mr. Johannes Halvorsen",male,21,0,0,8475, € 8.43 ,Southampton,
654,yes,upper,"O'Leary, Miss. Hanora ""Norah""",female,30,0,0,330919, € 7.83 ,Queenstown,
655,no,upper,"Hegarty, Miss. Hanora ""Nora""",female,18,0,0,365226, € 6.75 ,Queenstown,
656,no,middle,"Hickman, Mr. Leonard Mark",male,24,2,0,S.O.C. 14879, € 73.50 ,Southampton,
657,no,upper,"Radeff, Mr. Alexander",male,30,0,0,349223, € 7.90 ,Southampton,
658,no,upper,"Bourke, Mrs. John (Catherine)",female,32,1,1,364849, € 15.50 ,Queenstown,
659,no,middle,"Eitemiller, Mr. George Floyd",male,23,0,0,29751, € 13.00 ,Southampton,
660,no,lower,"Newell, Mr. Arthur Webster",male,58,0,2,35273, € 113.28 ,Cherbourg,
661,yes,lower,"Frauenthal, Dr. Henry William",male,50,2,0,PC 17611, € 133.65 ,Southampton,
662,no,upper,"Badt, Mr. Mohamed",male,40,0,0,2623, € 7.23 ,Cherbourg,
663,no,lower,"Colley, Mr. Edward Pomeroy",male,47,0,0,5727, € 25.59 ,Southampton,
664,no,upper,"Coleff, Mr. Peju",male,36,0,0,349210, € 7.50 ,Southampton,
665,yes,upper,"Lindqvist, Mr. Eino William",male,20,1,0,STON/O 2. 3101285, € 7.93 ,Southampton,
666,no,middle,"Hickman, Mr. Lewis",male,32,2,0,S.O.C. 14879, € 73.50 ,Southampton,
667,no,middle,"Butler, Mr. Reginald Fenton",male,25,0,0,234686, € 13.00 ,Southampton,
668,no,upper,"Rommetvedt, Mr. Knud Paust",male,30,0,0,312993, € 7.78 ,Southampton,
669,no,upper,"Cook, Mr. Jacob",male,43,0,0,A/5 3536, € 8.05 ,Southampton,
670,yes,lower,"Taylor, Mrs. Elmer Zebley (Juliet Cummins Wright)",female,30,1,0,19996, € 52.00 ,Southampton,
671,yes,middle,"Brown, Mrs. Thomas William Solomon (Elizabeth Catherine Ford)",female,40,1,1,29750, € 39.00 ,Southampton,
672,no,lower,"Davidson, Mr. Thornton",male,31,1,0,F.C. 12750, € 52.00 ,Southampton,
673,no,middle,"Mitchell, Mr. Henry Michael",male,70,0,0,C.A. 24580, € 10.50 ,Southampton,
674,yes,middle,"Wilhelms, Mr. Charles",male,31,0,0,244270, € 13.00 ,Southampton,
675,no,middle,"Watson, Mr. Ennis Hastings",male,30,0,0,239856, € -   ,Southampton,
676,no,upper,"Edvardsson, Mr. Gustaf Hjalmar",male,18,0,0,349912, € 7.78 ,Southampton,
677,no,upper,"Sawyer, Mr. Frederick Charles",male,25,0,0,342826, € 8.05 ,Southampton,
678,yes,upper,"Turja, Miss. Anna Sofia",female,18,0,0,4138, € 9.84 ,Southampton,
679,no,upper,"Goodwin, Mrs. Frederick (Augusta Tyler)",female,43,1,6,CA 2144, € 46.90 ,Southampton,
680,yes,lower,"Cardeza, Mr. Thomas Drake Martinez",male,36,0,1,PC 17755, € 512.33 ,Cherbourg,
681,no,upper,"Peters, Miss. Katie",female,30,0,0,330935, € 8.14 ,Queenstown,
682,yes,lower,"Hassab, Mr. Hammad",male,27,0,0,PC 17572, € 76.73 ,Cherbourg,
683,no,upper,"Olsvigen, Mr. Thor Anderson",male,20,0,0,6563, € 9.23 ,Southampton,
684,no,upper,"Goodwin, Mr. Charles Edward",male,14,5,2,CA 2144, € 46.90 ,Southampton,
685,no,middle,"Brown, Mr. Thomas William Solomon",male,60,1,1,29750, € 39.00 ,Southampton,
686,no,middle,"Laroche, Mr. Joseph Philippe Lemercier",male,25,1,2,SC/Paris 2123, € 41.58 ,Cherbourg,
687,no,upper,"Panula, Mr. Jaako Arnold",male,14,4,1,3101295, € 39.69 ,Southampton,
688,no,upper,"Dakic, Mr. Branko",male,19,0,0,349228, € 10.17 ,Southampton,
689,no,upper,"Fischer, Mr. Eberhard Thelander",male,18,0,0,350036, € 7.80 ,Southampton,
690,yes,lower,"Madill, Miss. Georgette Alexandra",female,15,0,1,24160, € 211.34 ,Southampton,
691,yes,lower,"Dick, Mr. Albert Adrian",male,31,1,0,17474, € 57.00 ,Southampton,
692,yes,upper,"Karun, Miss. Manca",female,4,0,1,349256, € 13.42 ,Cherbourg,
693,yes,upper,"Lam, Mr. Ali",male,30,0,0,1601, € 56.50 ,Southampton,
694,no,upper,"Saad, Mr. Khalil",male,25,0,0,2672, € 7.23 ,Cherbourg,
695,no,lower,"Weir, Col. John",male,60,0,0,113800, € 26.55 ,Southampton,
696,no,middle,"Chapman, Mr. Charles Henry",male,52,0,0,248731, € 13.50 ,Southampton,
697,no,upper,"Kelly, Mr. James",male,44,0,0,363592, € 8.05 ,Southampton,
698,yes,upper,"Mullens, Miss. Katherine ""Katie""",female,30,0,0,35852, € 7.73 ,Queenstown,
699,no,lower,"Thayer, Mr. John Borland",male,49,1,1,17421, € 110.88 ,Cherbourg,
700,no,upper,"Humblen, Mr. Adolf Mathias Nicolai Olsen",male,42,0,0,348121, € 7.65 ,Southampton,
701,yes,lower,"Astor, Mrs. John Jacob (Madeleine Talmadge Force)",female,18,1,0,PC 17757, € 227.53 ,Cherbourg,
702,yes,lower,"Silverthorne, Mr. Spencer Victor",male,35,0,0,PC 17475, € 26.29 ,Southampton,
703,no,upper,"Barbara, Miss. Saiide",female,18,0,1,2691, € 14.45 ,Cherbourg,
704,no,upper,"Gallagher, Mr. Martin",male,25,0,0,36864, € 7.74 ,Queenstown,
705,no,upper,"Hansen, Mr. Henrik Juul",male,26,1,0,350025, € 7.85 ,Southampton,
706,no,middle,"Morley, Mr. Henry Samuel (""Mr Henry Marshall"")",male,39,0,0,250655, € 26.00 ,Southampton,
707,yes,middle,"Kelly, Mrs. Florence ""Fannie""",female,45,0,0,223596, € 13.50 ,Southampton,
708,yes,lower,"Calderhead, Mr. Edward Pennington",male,42,0,0,PC 17476, € 26.29 ,Southampton,
709,yes,lower,"Cleaver, Miss. Alice",female,22,0,0,113781, € 151.55 ,Southampton,
710,yes,upper,"Moubarek, Master. Halim Gonios (""William George"")",male,30,1,1,2661, € 15.25 ,Cherbourg,
711,yes,lower,"Mayne, Mlle. Berthe Antonine (""Mrs de Villiers"")",female,24,0,0,PC 17482, € 49.50 ,Cherbourg,
712,no,lower,"Klaber, Mr. Herman",male,30,0,0,113028, € 26.55 ,Southampton,
713,yes,lower,"Taylor, Mr. Elmer Zebley",male,48,1,0,19996, € 52.00 ,Southampton,
714,no,upper,"Larsson, Mr. August Viktor",male,29,0,0,7545, € 9.48 ,Southampton,
715,no,middle,"Greenberg, Mr. Samuel",male,52,0,0,250647, € 13.00 ,Southampton,
716,no,upper,"Soholt, Mr. Peter Andreas Lauritz Andersen",male,19,0,0,348124, € 7.65 ,Southampton,
717,yes,lower,"Endres, Miss. Caroline Louise",female,38,0,0,PC 17757, € 227.53 ,Cherbourg,
718,yes,middle,"Troutt, Miss. Edwina Celia ""Winnie""",female,27,0,0,34218, € 10.50 ,Southampton,
719,no,upper,"McEvoy, Mr. Michael",male,30,0,0,36568, € 15.50 ,Queenstown,
720,no,upper,"Johnson, Mr. Malkolm Joackim",male,33,0,0,347062, € 7.78 ,Southampton,
721,yes,middle,"Harper, Miss. Annie Jessie ""Nina""",female,6,0,1,248727, € 33.00 ,Southampton,
722,no,upper,"Jensen, Mr. Svend Lauritz",male,17,1,0,350048, € 7.05 ,Southampton,
723,no,middle,"Gillespie, Mr. William Henry",male,34,0,0,12233, € 13.00 ,Southampton,
724,no,middle,"Hodges, Mr. Henry Price",male,50,0,0,250643, € 13.00 ,Southampton,
725,yes,lower,"Chambers, Mr. Norman Campbell",male,27,1,0,113806, € 53.10 ,Southampton,
726,no,upper,"Oreskovic, Mr. Luka",male,20,0,0,315094, € 8.66 ,Southampton,
727,yes,middle,"Renouf, Mrs. Peter Henry (Lillian Jefferys)",female,30,3,0,31027, € 21.00 ,Southampton,
728,yes,upper,"Mannion, Miss. Margareth",female,30,0,0,36866, € 7.74 ,Queenstown,
729,no,middle,"Bryhl, Mr. Kurt Arnold Gottfrid",male,25,1,0,236853, € 26.00 ,Southampton,
730,no,upper,"Ilmakangas, Miss. Pieta Sofia",female,25,1,0,STON/O2. 3101271, € 7.93 ,Southampton,
731,yes,lower,"Allen, Miss. Elisabeth Walton",female,29,0,0,24160, € 211.34 ,Southampton,
732,no,upper,"Hassan, Mr. Houssein G N",male,11,0,0,2699, € 18.79 ,Cherbourg,
733,no,middle,"Knight, Mr. Robert J",male,30,0,0,239855, € -   ,Southampton,
734,no,middle,"Berriman, Mr. William John",male,23,0,0,28425, € 13.00 ,Southampton,
735,no,middle,"Troupiansky, Mr. Moses Aaron",male,23,0,0,233639, € 13.00 ,Southampton,
736,no,upper,"Williams, Mr. Leslie",male,29,0,0,54636, € 16.10 ,Southampton,
737,no,upper,"Ford, Mrs. Edward (Margaret Ann Watson)",female,48,1,3,W./C. 6608, € 34.38 ,Southampton,
738,yes,lower,"Lesurer, Mr. Gustave J",male,35,0,0,PC 17755, € 512.33 ,Cherbourg,
739,no,upper,"Ivanoff, Mr. Kanio",male,30,0,0,349201, € 7.90 ,Southampton,
740,no,upper,"Nankoff, Mr. Minko",male,30,0,0,349218, € 7.90 ,Southampton,
741,yes,lower,"Hawksford, Mr. Walter James",male,30,0,0,16988, € 30.00 ,Southampton,
742,no,lower,"Cavendish, Mr. Tyrell William",male,36,1,0,19877, € 78.85 ,Southampton,
743,yes,lower,"Ryerson, Miss. Susan Parker ""Suzette""",female,21,2,2,PC 17608, € 262.38 ,Cherbourg,
744,no,upper,"McNamee, Mr. Neal",male,24,1,0,376566, € 16.10 ,Southampton,
745,yes,upper,"Stranden, Mr. Juho",male,31,0,0,STON/O 2. 3101288, € 7.93 ,Southampton,
746,no,lower,"Crosby, Capt. Edward Gifford",male,70,1,1,WE/P 5735, € 71.00 ,Southampton,
747,no,upper,"Abbott, Mr. Rossmore Edward",male,16,1,1,C.A. 2673, € 20.25 ,Southampton,
748,yes,middle,"Sinkkonen, Miss. Anna",female,30,0,0,250648, € 13.00 ,Southampton,
749,no,lower,"Marvin, Mr. Daniel Warner",male,19,1,0,113773, € 53.10 ,Southampton,
750,no,upper,"Connaghton, Mr. Michael",male,31,0,0,335097, € 7.75 ,Queenstown,
751,yes,middle,"Wells, Miss. Joan",female,4,1,1,29103, € 23.00 ,Southampton,
752,yes,upper,"Moor, Master. Meier",male,6,0,1,392096, € 12.48 ,Southampton,
753,no,upper,"Vande Velde, Mr. Johannes Joseph",male,33,0,0,345780, € 9.50 ,Southampton,
754,no,upper,"Jonkoff, Mr. Lalio",male,23,0,0,349204, € 7.90 ,Southampton,
755,yes,middle,"Herman, Mrs. Samuel (Jane Laver)",female,48,1,2,220845, € 65.00 ,Southampton,
756,yes,middle,"Hamalainen, Master. Viljo",male,1,1,1,250649, € 14.50 ,Southampton,
757,no,upper,"Carlsson, Mr. August Sigfrid",male,28,0,0,350042, € 7.80 ,Southampton,
758,no,middle,"Bailey, Mr. Percy Andrew",male,18,0,0,29108, € 11.50 ,Southampton,
759,no,upper,"Theobald, Mr. Thomas Leonard",male,34,0,0,363294, € 8.05 ,Southampton,
760,yes,lower,"Rothes, the Countess. of (Lucy Noel Martha Dyer-Edwards)",female,33,0,0,110152, € 86.50 ,Southampton,
761,no,upper,"Garfirth, Mr. John",male,30,0,0,358585, € 14.50 ,Southampton,
762,no,upper,"Nirva, Mr. Iisakki Antino Aijo",male,41,0,0,SOTON/O2 3101272, € 7.13 ,Southampton,
763,yes,upper,"Barah, Mr. Hanna Assi",male,20,0,0,2663, € 7.23 ,Cherbourg,
764,yes,lower,"Carter, Mrs. William Ernest (Lucile Polk)",female,36,1,2,113760, € 120.00 ,Southampton,
765,no,upper,"Eklund, Mr. Hans Linus",male,16,0,0,347074, € 7.78 ,Southampton,
766,yes,lower,"Hogeboom, Mrs. John C (Anna Andrews)",female,51,1,0,13502, € 77.96 ,Southampton,
767,no,lower,"Brewe, Dr. Arthur Jackson",male,30,0,0,112379, € 39.60 ,Cherbourg,
768,no,upper,"Mangan, Miss. Mary",female,31,0,0,364850, € 7.75 ,Queenstown,
769,no,upper,"Moran, Mr. Daniel J",male,30,1,0,371110, € 24.15 ,Queenstown,
770,no,upper,"Gronnestad, Mr. Daniel Danielsen",male,32,0,0,8471, € 8.36 ,Southampton,
771,no,upper,"Lievens, Mr. Rene Aime",male,24,0,0,345781, € 9.50 ,Southampton,
772,no,upper,"Jensen, Mr. Niels Peder",male,48,0,0,350047, € 7.85 ,Southampton,
773,no,middle,"Mack, Mrs. (Mary)",female,57,0,0,S.O./P.P. 3, € 10.50 ,Southampton,
774,no,upper,"Elias, Mr. Dibo",male,30,0,0,2674, € 7.23 ,Cherbourg,
775,yes,middle,"Hocking, Mrs. Elizabeth (Eliza Needs)",female,54,1,3,29105, € 23.00 ,Southampton,
776,no,upper,"Myhrman, Mr. Pehr Fabian Oliver Malkolm",male,18,0,0,347078, € 7.75 ,Southampton,
777,no,upper,"Tobin, Mr. Roger",male,30,0,0,383121, € 7.75 ,Queenstown,
778,yes,upper,"Emanuel, Miss. Virginia Ethel",female,5,0,0,364516, € 12.48 ,Southampton,
779,no,upper,"Kilgannon, Mr. Thomas J",male,30,0,0,36865, € 7.74 ,Queenstown,
780,yes,lower,"Robert, Mrs. Edward Scott (Elisabeth Walton McMillan)",female,43,0,1,24160, € 211.34 ,Southampton,
781,yes,upper,"Ayoub, Miss. Banoura",female,13,0,0,2687, € 7.23 ,Cherbourg,
782,yes,lower,"Dick, Mrs. Albert Adrian (Vera Gillespie)",female,17,1,0,17474, € 57.00 ,Southampton,
783,no,lower,"Long, Mr. Milton Clyde",male,29,0,0,113501, € 30.00 ,Southampton,
784,no,upper,"Johnston, Mr. Andrew G",male,30,1,2,W./C. 6607, € 23.45 ,Southampton,
785,no,upper,"Ali, Mr. William",male,25,0,0,SOTON/O.Q. 3101312, € 7.05 ,Southampton,
786,no,upper,"Harmer, Mr. Abraham (David Lishin)",male,25,0,0,374887, € 7.25 ,Southampton,
787,yes,upper,"Sjoblom, Miss. Anna Sofia",female,18,0,0,3101265, € 7.50 ,Southampton,
788,no,upper,"Rice, Master. George Hugh",male,8,4,1,382652, € 29.13 ,Queenstown,
789,yes,upper,"Dean, Master. Bertram Vere",male,1,1,2,C.A. 2315, € 20.58 ,Southampton,
790,no,lower,"Guggenheim, Mr. Benjamin",male,46,0,0,PC 17593, € 79.20 ,Cherbourg,
791,no,upper,"Keane, Mr. Andrew ""Andy""",male,30,0,0,12460, € 7.75 ,Queenstown,
792,no,middle,"Gaskell, Mr. Alfred",male,16,0,0,239865, € 26.00 ,Southampton,
793,no,upper,"Sage, Miss. Stella Anna",female,30,8,2,CA. 2343, € 69.55 ,Southampton,
794,no,lower,"Hoyt, Mr. William Fisher",male,30,0,0,PC 17600, € 30.70 ,Cherbourg,
795,no,upper,"Dantcheff, Mr. Ristiu",male,25,0,0,349203, € 7.90 ,Southampton,
796,no,middle,"Otter, Mr. Richard",male,39,0,0,28213, € 13.00 ,Southampton,
797,yes,lower,"Leader, Dr. Alice (Farnham)",female,49,0,0,17465, € 25.93 ,Southampton,
798,yes,upper,"Osman, Mrs. Mara",female,31,0,0,349244, € 8.68 ,Southampton,
799,no,upper,"Ibrahim Shawah, Mr. Yousseff",male,30,0,0,2685, € 7.23 ,Cherbourg,
800,no,upper,"Van Impe, Mrs. Jean Baptiste (Rosalie Paula Govaert)",female,30,1,1,345773, € 24.15 ,Southampton,
801,no,middle,"Ponesell, Mr. Martin",male,34,0,0,250647, € 13.00 ,Southampton,
802,yes,middle,"Collyer, Mrs. Harvey (Charlotte Annie Tate)",female,31,1,1,C.A. 31921, € 26.25 ,Southampton,
803,yes,lower,"Carter, Master. William Thornton II",male,11,1,2,113760, € 120.00 ,Southampton,
804,yes,upper,"Thomas, Master. Assad Alexander",male,0,0,1,2625, € 8.52 ,Cherbourg,
805,yes,upper,"Hedman, Mr. Oskar Arvid",male,27,0,0,347089, € 6.98 ,Southampton,
806,no,upper,"Johansson, Mr. Karl Johan",male,31,0,0,347063, € 7.78 ,Southampton,
807,no,lower,"Andrews, Mr. Thomas Jr",male,39,0,0,112050, € -   ,Southampton,
808,no,upper,"Pettersson, Miss. Ellen Natalia",female,18,0,0,347087, € 7.78 ,Southampton,
809,no,middle,"Meyer, Mr. August",male,39,0,0,248723, € 13.00 ,Southampton,
810,yes,lower,"Chambers, Mrs. Norman Campbell (Bertha Griggs)",female,33,1,0,113806, € 53.10 ,Southampton,
811,no,upper,"Alexander, Mr. William",male,26,0,0,3474, € 7.89 ,Southampton,
812,no,upper,"Lester, Mr. James",male,39,0,0,A/4 48871, € 24.15 ,Southampton,
813,no,middle,"Slemen, Mr. Richard James",male,35,0,0,28206, € 10.50 ,Southampton,
814,no,upper,"Andersson, Miss. Ebba Iris Alfrida",female,6,4,2,347082, € 31.28 ,Southampton,
815,no,upper,"Tomlin, Mr. Ernest Portage",male,31,0,0,364499, € 8.05 ,Southampton,
816,no,lower,"Fry, Mr. Richard",male,30,0,0,112058, € -   ,Southampton,
817,no,upper,"Heininen, Miss. Wendla Maria",female,23,0,0,STON/O2. 3101290, € 7.93 ,Southampton,
818,no,middle,"Mallet, Mr. Albert",male,31,1,1,S.C./PARIS 2079, € 37.00 ,Cherbourg,
819,no,upper,"Holm, Mr. John Fredrik Alexander",male,43,0,0,C 7075, € 6.45 ,Southampton,
820,no,upper,"Skoog, Master. Karl Thorsten",male,10,3,2,347088, € 27.90 ,Southampton,
821,yes,lower,"Hays, Mrs. Charles Melville (Clara Jennings Gregg)",female,52,1,1,12749, € 93.50 ,Southampton,
822,yes,upper,"Lulic, Mr. Nikola",male,27,0,0,315098, € 8.66 ,Southampton,
823,no,lower,"Reuchlin, Jonkheer. John George",male,38,0,0,19972, € -   ,Southampton,
824,yes,upper,"Moor, Mrs. (Beila)",female,27,0,1,392096, € 12.48 ,Southampton,
825,no,upper,"Panula, Master. Urho Abraham",male,2,4,1,3101295, € 39.69 ,Southampton,
826,no,upper,"Flynn, Mr. John",male,30,0,0,368323, € 6.95 ,Queenstown,
827,no,upper,"Lam, Mr. Len",male,30,0,0,1601, € 56.50 ,Southampton,
828,yes,middle,"Mallet, Master. Andre",male,1,0,2,S.C./PARIS 2079, € 37.00 ,Cherbourg,
829,yes,upper,"McCormack, Mr. Thomas Joseph",male,30,0,0,367228, € 7.75 ,Queenstown,
830,yes,lower,"Stone, Mrs. George Nelson (Martha Evelyn)",female,62,0,0,113572, € 80.00 ,Southampton,
831,yes,upper,"Yasbeck, Mrs. Antoni (Selini Alexander)",female,15,1,0,2659, € 14.45 ,Cherbourg,
832,yes,middle,"Richards, Master. George Sibley",male,1,1,1,29106, € 18.75 ,Southampton,
833,no,upper,"Saad, Mr. Amin",male,30,0,0,2671, € 7.23 ,Cherbourg,
834,no,upper,"Augustsson, Mr. Albert",male,23,0,0,347468, € 7.85 ,Southampton,
835,no,upper,"Allum, Mr. Owen George",male,18,0,0,2223, € 8.30 ,Southampton,
836,yes,lower,"Compton, Miss. Sara Rebecca",female,39,1,1,PC 17756, € 83.16 ,Cherbourg,
837,no,upper,"Pasic, Mr. Jakob",male,21,0,0,315097, € 8.66 ,Southampton,
838,no,upper,"Sirota, Mr. Maurice",male,30,0,0,392092, € 8.05 ,Southampton,
839,yes,upper,"Chip, Mr. Chang",male,32,0,0,1601, € 56.50 ,Southampton,
840,yes,lower,"Marechal, Mr. Pierre",male,30,0,0,11774, € 29.70 ,Cherbourg,
841,no,upper,"Alhomaki, Mr. Ilmari Rudolf",male,20,0,0,SOTON/O2 3101287, € 7.93 ,Southampton,
842,no,middle,"Mudd, Mr. Thomas Charles",male,16,0,0,S.O./P.P. 3, € 10.50 ,Southampton,
843,yes,lower,"Serepeca, Miss. Augusta",female,30,0,0,113798, € 31.00 ,Cherbourg,
844,no,upper,"Lemberopolous, Mr. Peter L",male,35,0,0,2683, € 6.44 ,Cherbourg,
845,no,upper,"Culumovic, Mr. Jeso",male,17,0,0,315090, € 8.66 ,Southampton,
846,no,upper,"Abbing, Mr. Anthony",male,42,0,0,C.A. 5547, € 7.55 ,Southampton,
847,no,upper,"Sage, Mr. Douglas Bullen",male,30,8,2,CA. 2343, € 69.55 ,Southampton,
848,no,upper,"Markoff, Mr. Marin",male,35,0,0,349213, € 7.90 ,Cherbourg,
849,no,middle,"Harper, Rev. John",male,28,0,1,248727, € 33.00 ,Southampton,
850,yes,lower,"Goldenberg, Mrs. Samuel L (Edwiga Grabowska)",female,30,1,0,17453, € 89.10 ,Cherbourg,
851,no,upper,"Andersson, Master. Sigvard Harald Elias",male,4,4,2,347082, € 31.28 ,Southampton,
852,no,upper,"Svensson, Mr. Johan",male,74,0,0,347060, € 7.78 ,Southampton,
853,no,upper,"Boulos, Miss. Nourelain",female,9,1,1,2678, € 15.25 ,Cherbourg,
854,yes,lower,"Lines, Miss. Mary Conover",female,16,0,1,PC 17592, € 39.40 ,Southampton,
855,no,middle,"Carter, Mrs. Ernest Courtenay (Lilian Hughes)",female,44,1,0,244252, € 26.00 ,Southampton,
856,yes,upper,"Aks, Mrs. Sam (Leah Rosen)",female,18,0,1,392091, € 9.35 ,Southampton,
857,yes,lower,"Wick, Mrs. George Dennick (Mary Hitchcock)",female,45,1,1,36928, € 164.87 ,Southampton,
858,yes,lower,"Daly, Mr. Peter Denis ",male,51,0,0,113055, € 26.55 ,Southampton,
859,yes,upper,"Baclini, Mrs. Solomon (Latifa Qurban)",female,24,0,3,2666, € 19.26 ,Cherbourg,
860,no,upper,"Razi, Mr. Raihed",male,30,0,0,2629, € 7.23 ,Cherbourg,
861,no,upper,"Hansen, Mr. Claus Peter",male,41,2,0,350026, € 14.11 ,Southampton,
862,no,middle,"Giles, Mr. Frederick Edward",male,21,1,0,28134, € 11.50 ,Southampton,
863,yes,lower,"Swift, Mrs. Frederick Joel (Margaret Welles Barron)",female,48,0,0,17466, € 25.93 ,Southampton,
864,no,upper,"Sage, Miss. Dorothy Edith ""Dolly""",female,30,8,2,CA. 2343, € 69.55 ,Southampton,
865,no,middle,"Gill, Mr. John William",male,24,0,0,233866, € 13.00 ,Southampton,
866,yes,middle,"Bystrom, Mrs. (Karolina)",female,42,0,0,236852, € 13.00 ,Southampton,
867,yes,middle,"Duran y More, Miss. Asuncion",female,27,1,0,SC/PARIS 2149, € 13.86 ,Cherbourg,
868,no,lower,"Roebling, Mr. Washington Augustus II",male,31,0,0,PC 17590, € 50.50 ,Southampton,
869,no,upper,"van Melkebeke, Mr. Philemon",male,30,0,0,345777, € 9.50 ,Southampton,
870,yes,upper,"Johnson, Master. Harold Theodor",male,4,1,1,347742, € 11.13 ,Southampton,
871,no,upper,"Balkic, Mr. Cerin",male,26,0,0,349248, € 7.90 ,Southampton,
872,yes,lower,"Beckwith, Mrs. Richard Leonard (Sallie Monypeny)",female,47,1,1,11751, € 52.55 ,Southampton,
873,no,lower,"Carlsson, Mr. Frans Olof",male,33,0,0,695, € 5.00 ,Southampton,
874,no,upper,"Vander Cruyssen, Mr. Victor",male,47,0,0,345765, € 9.00 ,Southampton,
875,yes,middle,"Abelson, Mrs. Samuel (Hannah Wizosky)",female,28,1,0,P/PP 3381, € 24.00 ,Cherbourg,
876,yes,upper,"Najib, Miss. Adele Kiamie ""Jane""",female,15,0,0,2667, € 7.23 ,Cherbourg,
877,no,upper,"Gustafsson, Mr. Alfred Ossian",male,20,0,0,7534, € 9.85 ,Southampton,
878,no,upper,"Petroff, Mr. Nedelio",male,19,0,0,349212, € 7.90 ,Southampton,
879,no,upper,"Laleff, Mr. Kristo",male,30,0,0,349217, € 7.90 ,Southampton,
880,yes,lower,"Potter, Mrs. Thomas Jr (Lily Alexenia Wilson)",female,56,0,1,11767, € 83.16 ,Cherbourg,
881,yes,middle,"Shelley, Mrs. William (Imanita Parrish Hall)",female,25,0,1,230433, € 26.00 ,Southampton,
882,no,upper,"Markun, Mr. Johann",male,33,0,0,349257, € 7.90 ,Southampton,
883,no,upper,"Dahlberg, Miss. Gerda Ulrika",female,22,0,0,7552, € 10.52 ,Southampton,
884,no,middle,"Banfield, Mr. Frederick James",male,28,0,0,C.A./SOTON 34068, € 10.50 ,Southampton,
885,no,upper,"Sutehall, Mr. Henry Jr",male,25,0,0,SOTON/OQ 392076, € 7.05 ,Southampton,
886,no,upper,"Rice, Mrs. William (Margaret Norton)",female,39,0,5,382652, € 29.13 ,Queenstown,
887,no,middle,"Montvila, Rev. Juozas",male,27,0,0,211536, € 13.00 ,Southampton,
888,yes,lower,"Graham, Miss. Margaret Edith",female,19,0,0,112053, € 30.00 ,Southampton,
889,no,upper,"Johnston, Miss. Catherine Helen ""Carrie""",female,30,1,2,W./C. 6607, € 23.45 ,Southampton,
890,yes,lower,"Behr, Mr. Karl Howell",male,26,0,0,111369, € 30.00 ,Cherbourg,
891,no,upper,"Dooley, Mr. Patrick",male,32,0,0,370376, € 7.75 ,Queenstown,